processor,query_type,toi_output,queries,boxes,bound_discarded
host,ee,0,27918,30014,0
host,ee,0,27918,13345,0
host,ee,1,27918,12797,0
host,ee,1,3,2493,0
host,vf,0,10701,1681,0
host,vf,0,10701,2705,0
host,vf,1,10701,1795,0
host,vf,1,1,1666,0
host,ee,0,27921,12366,0
host,ee,1,27921,13454,0
host,ee,1,1,1056,0
host,vf,0,10708,1988,0
host,vf,1,10708,1965,0
host,vf,1,1,1371,0
host,ee,0,27938,13651,0
host,ee,1,27938,13268,0
host,ee,1,1,1534,0
host,ee,0,27957,1167,0
host,ee,1,27957,14328,0
host,ee,1,1,900,0
host,vf,0,10733,1603,0
host,vf,1,10733,1658,0
host,vf,1,1,1690,0
host,ee,0,28200,13518,0
host,ee,1,28200,15313,0
host,ee,1,1,1056,0
host,ee,0,28225,15834,0
host,ee,1,28225,29783,0
host,ee,1,15,22025,0
host,vf,0,10771,1899,0
host,vf,1,10771,1504,0
host,vf,1,6,2748,0
host,ee,0,28216,19956,0
host,ee,1,28216,16589,0
host,ee,1,2,5927,0
host,ee,0,28253,15407,0
host,ee,1,28253,16531,0
host,ee,1,1,1936,0
host,ee,0,28252,18381,0
host,ee,1,28252,18594,0
host,ee,1,1,4762,0
host,ee,0,28278,16830,0
host,ee,1,28278,13609,0
host,ee,1,1,782,0
host,vf,0,10783,1768,0
host,vf,1,10783,1802,0
host,vf,1,1,1550,0
host,ee,0,28389,13393,0
host,ee,1,28389,14330,0
host,ee,1,1,698,0
host,vf,0,10839,2298,0
host,vf,1,10839,2773,0
host,vf,1,1,1327,0
host,ee,0,29054,14500,0
host,ee,1,29054,13855,0
host,ee,1,1,1322,0
host,ee,0,29213,12093,0
host,ee,1,29213,12857,0
host,ee,1,1,407,0
host,ee,0,31533,13864,0
host,ee,1,31533,14898,0
host,ee,1,2,1901,0
host,ee,0,32128,12818,0
host,ee,1,32128,15711,0
host,ee,1,2,826,0
host,vf,0,11462,3732,0
host,vf,1,11462,3564,0
host,vf,1,1,1284,0
host,ee,0,33083,13052,0
host,ee,1,33083,12372,0
host,ee,1,1,882,0
host,ee,0,33560,12924,0
host,ee,1,33560,13170,0
host,ee,1,2,1583,0
host,ee,0,33585,15614,0
host,ee,1,33585,12290,0
host,ee,1,1,1182,0
host,ee,0,33517,12407,0
host,ee,1,33517,12617,0
host,ee,1,1,1484,0
host,ee,0,33295,16067,0
host,ee,1,33295,15569,0
host,ee,1,1,3229,0
host,ee,0,33148,14782,0
host,ee,1,33148,16893,0
host,ee,1,1,1115,0
host,vf,0,11130,2385,0
host,vf,1,11130,2882,0
host,vf,1,1,2087,0
host,vf,0,11099,1874,0
host,vf,1,11099,1985,0
host,vf,1,1,1008,0
host,ee,0,33156,12211,0
host,ee,1,33156,14320,0
host,ee,1,1,459,0
host,ee,0,33146,11938,0
host,ee,1,33146,13212,0
host,ee,1,1,740,0
host,ee,0,32589,13260,0
host,ee,1,32589,13979,0
host,ee,1,2,2500,0
host,vf,0,10559,1862,0
host,vf,1,10559,1801,0
host,vf,1,1,907,0
host,ee,0,33644,13033,0
host,ee,1,33644,13083,0
host,ee,1,1,830,0
host,vf,0,10489,2239,0
host,vf,1,10489,2331,0
host,vf,1,1,1215,0
host,vf,0,10362,2056,0
host,vf,1,10362,2556,0
host,vf,1,1,1197,0
host,ee,0,33093,12989,0
host,ee,1,33093,14506,0
host,ee,1,2,3387,0
host,ee,0,32881,11819,0
host,ee,1,32881,14420,0
host,ee,1,1,379,0
host,ee,0,33024,14865,0
host,ee,1,33024,12795,0
host,ee,1,1,419,0
host,ee,0,33268,14955,0
host,ee,1,33268,14264,0
host,ee,1,3,1532,0
host,vf,0,9930,1584,0
host,vf,1,9930,1603,0
host,vf,1,1,774,0
host,ee,0,33644,18894,0
host,ee,1,33644,18275,0
host,ee,1,2,7973,0
host,ee,0,33826,14599,0
host,ee,1,33826,16300,0
host,ee,1,2,2824,0
host,ee,0,34091,26830,0
host,ee,1,34091,28917,0
host,ee,1,2,24755,0
host,ee,0,34915,12347,0
host,ee,1,34915,14070,0
host,ee,1,1,896,0
host,ee,0,35429,16738,0
host,ee,1,35429,15593,0
host,ee,1,1,1367,0
host,ee,0,34732,16790,0
host,ee,1,34732,15301,0
host,ee,1,1,880,0
host,ee,0,34403,19120,0
host,ee,1,34403,15592,0
host,ee,1,2,1483,0
host,vf,0,9525,2755,0
host,vf,1,9525,2643,0
host,vf,1,1,936,0
host,ee,0,34018,18051,0
host,ee,1,34018,17423,0
host,ee,1,3,6071,0
host,ee,0,34357,13123,0
host,ee,1,34357,15231,0
host,ee,1,1,825,0
host,ee,0,36096,15525,0
host,ee,1,36096,11944,0
host,ee,1,1,625,0
host,ee,0,36396,23440,0
host,ee,1,36396,23710,0
host,ee,1,1,12385,0
host,vf,0,9577,2443,0
host,vf,1,9577,2231,0
host,vf,1,1,1890,0
host,ee,0,37026,12730,0
host,ee,1,37026,16416,0
host,ee,1,2,1104,0
host,vf,0,9646,2911,0
host,vf,1,9646,3809,0
host,vf,1,2,2680,0
host,ee,0,35908,16284,0
host,ee,1,35908,13078,0
host,ee,1,1,1023,0
host,ee,0,35216,15284,0
host,ee,1,35216,17998,0
host,ee,1,1,605,0
host,ee,0,35161,15093,0
host,ee,1,35161,15313,0
host,ee,1,2,2044,0
host,ee,0,34502,13155,0
host,ee,1,34502,14509,0
host,ee,1,2,908,0
host,ee,0,34563,20627,0
host,ee,1,34563,24274,0
host,ee,1,2,10062,0
host,vf,0,8814,2150,0
host,vf,1,8814,2510,0
host,vf,1,1,825,0
host,ee,0,34548,29484,0
host,ee,1,34548,32648,0
host,ee,1,2,6148,0
host,ee,0,34091,20080,0
host,ee,1,34091,20242,0
host,ee,1,3,8857,0
host,vf,0,8562,2186,0
host,vf,1,8562,2348,0
host,vf,1,1,622,0
host,ee,0,33614,35897,0
host,ee,1,33614,33847,0
host,ee,1,2,36219,0
host,ee,0,33224,16197,0
host,ee,1,33224,16401,0
host,ee,1,1,2301,0
host,ee,0,33200,15029,0
host,ee,1,33200,17225,0
host,ee,1,2,1421,0
host,ee,0,33831,35376,0
host,ee,1,33831,35037,0
host,ee,1,3,34943,0
host,ee,0,34333,13665,0
host,ee,1,34333,13825,0
host,ee,1,2,1326,0
host,ee,0,33859,18153,0
host,ee,1,33859,14771,0
host,ee,1,1,1464,0
host,vf,0,8427,2707,0
host,vf,1,8427,3066,0
host,vf,1,2,2246,0
host,vf,0,8443,2619,0
host,vf,1,8443,2733,0
host,vf,1,2,1417,0
host,vf,0,8461,5826,0
host,vf,1,8461,5576,0
host,vf,1,1,3893,0
host,vf,0,8685,2314,0
host,vf,1,8685,2405,0
host,vf,1,1,2173,0
host,ee,0,35575,13324,0
host,ee,1,35575,12686,0
host,ee,1,1,410,0
host,vf,0,8765,3022,0
host,vf,1,8765,3496,0
host,vf,1,1,705,0
host,ee,0,39146,15220,0
host,ee,1,39146,16213,0
host,ee,1,2,1160,0
host,vf,0,9286,2246,0
host,vf,1,9286,2364,0
host,vf,1,1,390,0
host,ee,0,39836,18199,0
host,ee,1,39836,18821,0
host,ee,1,3,1488,0
host,vf,0,9462,2856,0
host,vf,1,9462,3257,0
host,vf,1,1,746,0
host,ee,0,42197,16983,0
host,ee,1,42197,18159,0
host,ee,1,1,341,0
host,ee,0,44331,21096,0
host,ee,1,44331,20748,0
host,ee,1,2,2475,0
host,vf,0,10419,3470,0
host,vf,1,10419,2760,0
host,vf,1,1,1107,0
host,vf,0,10487,4438,0
host,vf,1,10487,3999,0
host,vf,1,1,3840,0
host,ee,0,42234,16202,0
host,ee,1,42234,16945,0
host,ee,1,2,1153,0
host,vf,0,9588,3150,0
host,vf,1,9588,3827,0
host,vf,1,1,331,0
host,ee,0,40186,14855,0
host,ee,1,40186,20586,0
host,ee,1,1,328,0
host,vf,0,9093,3361,0
host,vf,1,9093,4127,0
host,vf,1,2,2305,0
host,ee,0,39412,14288,0
host,ee,1,39412,17522,0
host,ee,1,3,4477,0
host,ee,0,37072,16858,0
host,ee,1,37072,17542,0
host,ee,1,2,1642,0
host,vf,0,8203,3792,0
host,vf,1,8203,4685,0
host,vf,1,1,2949,0
host,ee,0,34584,16687,0
host,ee,1,34584,14245,0
host,ee,1,1,1055,0
host,vf,0,7619,2466,0
host,vf,1,7619,3356,0
host,vf,1,1,774,0
host,ee,0,33213,14111,0
host,ee,1,33213,17538,0
host,ee,1,3,1638,0
host,ee,0,31969,15030,0
host,ee,1,31969,16694,0
host,ee,1,2,2495,0
host,ee,0,31329,14860,0
host,ee,1,31329,14621,0
host,ee,1,2,1283,0
host,ee,0,31483,17126,0
host,ee,1,31483,17675,0
host,ee,1,3,2655,0
host,vf,0,6708,2845,0
host,vf,1,6708,3744,0
host,vf,1,1,1242,0
host,ee,0,31913,17671,0
host,ee,1,31913,16824,0
host,ee,1,2,3203,0
host,vf,0,7210,3621,0
host,vf,1,7210,3161,0
host,vf,1,1,468,0
host,ee,0,33581,16494,0
host,ee,1,33581,22011,0
host,ee,1,2,947,0
host,vf,0,7265,2814,0
host,vf,1,7265,2277,0
host,vf,1,1,1313,0
host,ee,0,33770,5559136,0
host,ee,1,33770,8849129,0
host,ee,1,263,23183602,0
host,vf,0,7319,15499,0
host,vf,1,7319,26077,0
host,vf,1,92,50600,0
host,ee,0,34239,22908,0
host,ee,1,34239,40059,0
host,ee,1,22,26615,0
host,vf,0,7381,11518,0
host,vf,1,7381,10596,0
host,vf,1,3,5907,0
host,ee,0,34560,12461,0
host,ee,1,34560,29997,0
host,ee,1,15,14221,0
host,vf,0,7373,4000,0
host,vf,1,7373,4248,0
host,vf,1,1,604,0
host,ee,0,34228,10922,0
host,ee,1,34228,30554,0
host,ee,1,18,19796,0
host,vf,0,7224,3855,0
host,vf,1,7224,3719,0
host,vf,1,2,1963,0
host,ee,0,34187,19638,0
host,ee,1,34187,38529,0
host,ee,1,19,29903,0
host,vf,0,7182,8668,0
host,vf,1,7182,9052,0
host,vf,1,2,7291,0
host,ee,0,33469,23978,0
host,ee,1,33469,31711,0
host,ee,1,17,19652,0
host,vf,0,6983,1168,0
host,vf,1,6983,2871,0
host,vf,1,2,2067,0
host,ee,0,33437,9590,0
host,ee,1,33437,24857,0
host,ee,1,18,16202,0
host,ee,0,34917,18235,0
host,ee,1,34917,32515,0
host,ee,1,15,19629,0
host,ee,0,35015,16872,0
host,ee,1,35015,36915,0
host,ee,1,16,30854,0
host,vf,0,7197,4478,0
host,vf,1,7197,2914,0
host,vf,1,3,2122,0
host,ee,0,34911,22300,0
host,ee,1,34911,31918,0
host,ee,1,18,22838,0
host,ee,0,35558,24061,0
host,ee,1,35558,40705,0
host,ee,1,17,24217,0
host,vf,0,7167,3734,0
host,vf,1,7167,2251,0
host,vf,1,1,927,0
host,ee,0,35411,18268,0
host,ee,1,35411,32346,0
host,ee,1,15,22654,0
host,vf,0,7138,3166,0
host,vf,1,7138,3510,0
host,vf,1,1,824,0
host,ee,0,35543,11769,0
host,ee,1,35543,30692,0
host,ee,1,16,20060,0
host,vf,0,7056,3908,0
host,vf,1,7056,2756,0
host,vf,1,1,476,0
host,ee,0,35907,20032,0
host,ee,1,35907,26726,0
host,ee,1,17,14729,0
host,vf,0,7150,3745,0
host,vf,1,7150,3099,0
host,vf,1,1,1331,0
host,ee,0,36034,13163,0
host,ee,1,36034,30201,0
host,ee,1,19,25216,0
host,vf,0,7127,3920,0
host,vf,1,7127,2634,0
host,vf,1,1,1163,0
host,ee,0,38197,10558,0
host,ee,1,38197,29924,0
host,ee,1,21,22778,0
host,vf,0,7623,3825,0
host,vf,1,7623,3661,0
host,vf,1,3,2299,0
host,ee,0,38991,16386,0
host,ee,1,38991,32999,0
host,ee,1,16,26076,0
host,vf,0,7840,3225,0
host,vf,1,7840,2988,0
host,vf,1,1,694,0
host,ee,0,36363,12820,0
host,ee,1,36363,22727,0
host,ee,1,17,13294,0
host,vf,0,7246,4138,0
host,vf,1,7246,3126,0
host,vf,1,1,1329,0
host,ee,0,32992,15170,0
host,ee,1,32992,30814,0
host,ee,1,18,18601,0
host,ee,0,33161,14812,0
host,ee,1,33161,30051,0
host,ee,1,17,19889,0
host,vf,0,6408,3710,0
host,vf,1,6408,3516,0
host,vf,1,1,315,0
host,ee,0,33247,12970,0
host,ee,1,33247,32527,0
host,ee,1,17,20789,0
host,vf,0,6478,10095,0
host,vf,1,6478,8433,0
host,vf,1,3,7512,0
host,ee,0,33585,12028,0
host,ee,1,33585,33645,0
host,ee,1,16,18554,0
host,vf,0,6583,3069,0
host,vf,1,6583,2664,0
host,vf,1,2,845,0
host,ee,0,33438,7704,0
host,ee,1,33438,29408,0
host,ee,1,19,24261,0
host,vf,0,6454,4915,0
host,vf,1,6454,4534,0
host,vf,1,1,756,0
host,ee,0,33970,13843,0
host,ee,1,33970,32161,0
host,ee,1,17,27966,0
host,vf,0,6445,3839,0
host,vf,1,6445,3046,0
host,vf,1,1,792,0
host,ee,0,35266,16328,0
host,ee,1,35266,31110,0
host,ee,1,17,17750,0
host,ee,0,35842,11813,0
host,ee,1,35842,29317,0
host,ee,1,17,24878,0
host,vf,0,6739,4993,0
host,vf,1,6739,2926,0
host,vf,1,1,619,0
host,ee,0,35371,20956,0
host,ee,1,35371,31998,0
host,ee,1,17,20459,0
host,vf,0,6608,8317,0
host,vf,1,6608,7012,0
host,vf,1,1,5957,0
host,ee,0,35120,16004,0
host,ee,1,35120,26509,0
host,ee,1,16,16678,0
host,vf,0,6529,18169,0
host,vf,1,6529,19203,0
host,vf,1,2,25557,0
host,ee,0,34941,22476,0
host,ee,1,34941,29409,0
host,ee,1,15,19525,0
host,vf,0,6431,5087,0
host,vf,1,6431,4284,0
host,vf,1,1,379,0
host,ee,0,34299,12403,0
host,ee,1,34299,26510,0
host,ee,1,15,17533,0
host,vf,0,6297,2593,0
host,vf,1,6297,4302,0
host,vf,1,1,587,0
host,ee,0,34383,11847,0
host,ee,1,34383,22465,0
host,ee,1,16,18546,0
host,ee,0,33945,19001,0
host,ee,1,33945,27382,0
host,ee,1,16,18792,0
host,vf,0,6105,3210,0
host,vf,1,6105,3300,0
host,vf,1,1,1534,0
host,ee,0,34245,26632,0
host,ee,1,34245,35155,0
host,ee,1,16,19675,0
host,vf,0,6185,4776,0
host,vf,1,6185,3391,0
host,vf,1,4,2706,0
host,ee,0,34290,14275,0
host,ee,1,34290,30007,0
host,ee,1,15,22100,0
host,vf,0,6232,3561,0
host,vf,1,6232,3580,0
host,vf,1,1,791,0
host,ee,0,34985,43524,0
host,ee,1,34985,55638,0
host,ee,1,18,54679,0
host,ee,0,34323,12865,0
host,ee,1,34323,26747,0
host,ee,1,17,17398,0
host,ee,0,34102,15640,0
host,ee,1,34102,27707,0
host,ee,1,15,19612,0
host,vf,0,6214,4337,0
host,vf,1,6214,2952,0
host,vf,1,1,538,0
host,ee,0,34901,14468,0
host,ee,1,34901,37844,0
host,ee,1,18,31184,0
host,vf,0,6294,2700,0
host,vf,1,6294,3574,0
host,vf,1,1,379,0
host,ee,0,36599,13719,0
host,ee,1,36599,30581,0
host,ee,1,17,19328,0
host,vf,0,6576,3519,0
host,vf,1,6576,3238,0
host,vf,1,1,448,0
host,ee,0,37558,15737,0
host,ee,1,37558,32351,0
host,ee,1,15,22562,0
host,ee,0,37569,8899,0
host,ee,1,37569,27198,0
host,ee,1,15,16256,0
host,ee,0,39071,13371,0
host,ee,1,39071,31134,0
host,ee,1,18,17381,0
host,vf,0,6847,4048,0
host,vf,1,6847,3449,0
host,vf,1,1,328,0
host,ee,0,38675,11040,0
host,ee,1,38675,25820,0
host,ee,1,19,16823,0
host,vf,0,6857,3955,0
host,vf,1,6857,3880,0
host,vf,1,2,1864,0
host,ee,0,37307,10389,0
host,ee,1,37307,39200,0
host,ee,1,17,29498,0
host,ee,0,36583,14986,0
host,ee,1,36583,33838,0
host,ee,1,17,17367,0
host,vf,0,6412,3537,0
host,vf,1,6412,3453,0
host,vf,1,1,467,0
host,ee,0,34249,18476,0
host,ee,1,34249,31022,0
host,ee,1,18,30424,0
host,ee,0,33807,21162,0
host,ee,1,33807,27137,0
host,ee,1,17,22451,0
host,vf,0,5903,3251,0
host,vf,1,5903,3629,0
host,vf,1,1,419,0
host,ee,0,34338,9288,0
host,ee,1,34338,25231,0
host,ee,1,19,19604,0
host,vf,0,6033,4300,0
host,vf,1,6033,10574,0
host,vf,1,2,685,0
host,ee,0,35656,16716,0
host,ee,1,35656,31137,0
host,ee,1,19,19041,0
host,ee,0,35899,13697,0
host,ee,1,35899,33738,0
host,ee,1,26,28084,0
host,vf,0,6291,4459,0
host,vf,1,6291,3855,0
host,vf,1,1,349,0
host,ee,0,35460,13944,0
host,ee,1,35460,27069,0
host,ee,1,20,21440,0
host,ee,0,36202,25393,0
host,ee,1,36202,38376,0
host,ee,1,20,33360,0
host,vf,0,6379,7592,0
host,vf,1,6379,6336,0
host,vf,1,1,4695,0
host,ee,0,38249,16370,0
host,ee,1,38249,37942,0
host,ee,1,20,27342,0
host,ee,0,39805,15912,0
host,ee,1,39805,32499,0
host,ee,1,20,22738,0
host,vf,0,7078,5716,0
host,vf,1,7078,3515,0
host,vf,1,2,3495,0
host,ee,0,39923,20323,0
host,ee,1,39923,31145,0
host,ee,1,19,21093,0
host,ee,0,38968,14257,0
host,ee,1,38968,32229,0
host,ee,1,29,24229,0
host,vf,0,6912,9631,0
host,vf,1,6912,8679,0
host,vf,1,2,6673,0
host,ee,0,38276,18319,0
host,ee,1,38276,32035,0
host,ee,1,22,28787,0
host,vf,0,6728,6327,0
host,vf,1,6728,3807,0
host,vf,1,1,395,0
host,ee,0,36394,11871,0
host,ee,1,36394,46784,0
host,ee,1,29,38456,0
host,vf,0,6467,6287,0
host,vf,1,6467,6184,0
host,vf,1,1,2737,0
host,ee,0,36037,15565,0
host,ee,1,36037,31288,0
host,ee,1,31,34380,0
host,vf,0,6419,7923,0
host,vf,1,6419,8557,0
host,vf,1,3,3455,0
host,ee,0,37495,17069,0
host,ee,1,37495,40083,0
host,ee,1,31,37634,0
host,ee,0,38287,30310,0
host,ee,1,38287,43935,0
host,ee,1,29,47042,0
host,vf,0,6721,10360,0
host,vf,1,6721,7658,0
host,vf,1,2,8316,0
host,ee,0,38720,25174,0
host,ee,1,38720,48659,0
host,ee,1,26,39384,0
host,ee,0,38666,15411,0
host,ee,1,38666,37740,0
host,ee,1,26,37844,0
host,vf,0,6869,27252,0
host,vf,1,6869,26702,0
host,vf,1,1,19907,0
host,ee,0,38540,20794,0
host,ee,1,38540,43454,0
host,ee,1,30,50237,0
host,vf,0,6752,8858,0
host,vf,1,6752,9258,0
host,vf,1,1,3073,0
host,ee,0,39074,17226,0
host,ee,1,39074,53821,0
host,ee,1,34,45951,0
host,vf,0,6859,10005,0
host,vf,1,6859,9356,0
host,vf,1,4,4640,0
host,ee,0,39567,85550,0
host,ee,1,39567,99470,0
host,ee,1,28,96034,0
host,vf,0,6984,15770,0
host,vf,1,6984,16080,0
host,vf,1,2,14564,0
host,ee,0,40050,32545,0
host,ee,1,40050,59173,0
host,ee,1,35,78826,0
host,vf,0,7020,59983,0
host,vf,1,7020,58798,0
host,vf,1,3,125286,0
host,ee,0,39896,87800,0
host,ee,1,39896,114900,0
host,ee,1,29,133988,0
host,vf,0,7006,123632,0
host,vf,1,7006,121694,0
host,vf,1,5,141081,0
host,ee,0,40250,39096,0
host,ee,1,40250,66920,0
host,ee,1,29,135595,0
host,vf,0,7009,10924,0
host,vf,1,7009,19176,0
host,vf,1,5,31600,0
host,ee,0,40121,28667,0
host,ee,1,40121,75673,0
host,ee,1,39,101171,0
host,vf,0,7007,30738,0
host,vf,1,7007,33793,0
host,vf,1,9,45631,0
host,ee,0,40920,16456,0
host,ee,1,40920,50369,0
host,ee,1,40,71449,0
host,vf,0,7123,12386,0
host,vf,1,7123,17908,0
host,vf,1,8,18445,0
host,ee,0,42176,77234,0
host,ee,1,42176,120342,0
host,ee,1,43,170971,0
host,vf,0,7322,31253,0
host,vf,1,7322,36723,0
host,vf,1,6,57941,0
host,ee,0,41326,33843,0
host,ee,1,41326,94622,0
host,ee,1,39,165934,0
host,vf,0,7167,15199,0
host,vf,1,7167,19312,0
host,vf,1,7,15914,0
host,ee,0,40760,21945,0
host,ee,1,40760,69840,0
host,ee,1,38,85697,0
host,vf,0,7097,83186,0
host,vf,1,7097,83202,0
host,vf,1,11,146671,0
host,ee,0,41216,60947,0
host,ee,1,41216,111577,0
host,ee,1,40,206782,0
host,vf,0,7184,14519,0
host,vf,1,7184,59615,0
host,vf,1,8,66090,0
host,ee,0,42707,26399,0
host,ee,1,42707,78487,0
host,ee,1,42,115898,0
host,vf,0,7362,8641,0
host,vf,1,7362,34596,0
host,vf,1,8,37957,0
host,ee,0,42382,34105,0
host,ee,1,42382,112787,0
host,ee,1,38,124797,0
host,vf,0,7278,45666,0
host,vf,1,7278,44094,0
host,vf,1,5,101893,0
host,ee,0,42647,32748,0
host,ee,1,42647,54225,0
host,ee,1,35,55388,0
host,vf,0,7424,14166,0
host,vf,1,7424,22274,0
host,vf,1,9,32443,0
host,ee,0,42453,33046,0
host,ee,1,42453,76277,0
host,ee,1,35,106902,0
host,vf,0,7438,50226,0
host,vf,1,7438,67176,0
host,vf,1,11,87635,0
host,ee,0,41743,24324,0
host,ee,1,41743,54070,0
host,ee,1,31,53258,0
host,vf,0,7334,127023,0
host,vf,1,7334,133005,0
host,vf,1,14,184681,0
host,ee,0,42972,20464,0
host,ee,1,42972,51330,0
host,ee,1,42,52878,0
host,vf,0,7479,79780,0
host,vf,1,7479,178868,0
host,vf,1,15,289548,0
host,ee,0,45470,18412,0
host,ee,1,45470,55913,0
host,ee,1,47,74904,0
host,vf,0,8055,84605,0
host,vf,1,8055,88251,0
host,vf,1,13,206337,0
host,ee,0,45508,64362,0
host,ee,1,45508,105125,0
host,ee,1,32,116278,0
host,vf,0,7991,47333,0
host,vf,1,7991,50891,0
host,vf,1,13,113140,0
host,ee,0,45188,37582,0
host,ee,1,45188,64915,0
host,ee,1,42,87494,0
host,vf,0,7929,1705644,0
host,vf,1,7929,1700502,0
host,vf,1,20,1865319,0
host,ee,0,44779,142284,0
host,ee,1,44779,169708,0
host,ee,1,37,205246,0
host,vf,0,7894,335063,0
host,vf,1,7894,335609,0
host,vf,1,15,435835,0
host,ee,0,44978,27067,0
host,ee,1,44978,58369,0
host,ee,1,43,59401,0
host,vf,0,7960,23398,0
host,vf,1,7960,60800,0
host,vf,1,10,102194,0
host,ee,0,44696,16661,0
host,ee,1,44696,74132,0
host,ee,1,35,50065,0
host,vf,0,7921,217029,0
host,vf,1,7921,230885,0
host,vf,1,14,391239,0
host,ee,0,43226,56010,0
host,ee,1,43226,74913,0
host,ee,1,34,105398,0
host,vf,0,7695,84590,0
host,vf,1,7695,93540,0
host,vf,1,18,299888,0
host,ee,0,42335,35155,0
host,ee,1,42335,74537,0
host,ee,1,38,82311,0
host,vf,0,7519,39120,0
host,vf,1,7519,71791,0
host,vf,1,16,94994,0
host,ee,0,43384,52328,0
host,ee,1,43384,124417,0
host,ee,1,48,188603,0
host,vf,0,7728,25645,0
host,vf,1,7728,319446,0
host,vf,1,19,404001,0
host,ee,0,42889,48765,0
host,ee,1,42889,157654,0
host,ee,1,88,260184,0
host,vf,0,7648,23274,0
host,vf,1,7648,205294,0
host,vf,1,24,292884,0
host,ee,0,43153,24850,0
host,ee,1,43153,132728,0
host,ee,1,84,182276,0
host,vf,0,7657,23068,0
host,vf,1,7657,192795,0
host,vf,1,14,222195,0
host,ee,0,42756,39178,0
host,ee,1,42756,148482,0
host,ee,1,70,226327,0
host,vf,0,7580,18215,0
host,vf,1,7580,29086,0
host,vf,1,7,30225,0
host,ee,0,42619,26211,0
host,ee,1,42619,143430,0
host,ee,1,80,260194,0
host,vf,0,7611,10065,0
host,vf,1,7611,80816,0
host,vf,1,15,97039,0
host,ee,0,43502,22163,0
host,ee,1,43502,100146,0
host,ee,1,76,163772,0
host,vf,0,7730,4916,0
host,vf,1,7730,15060,0
host,vf,1,12,19112,0
host,ee,0,45748,41407,0
host,ee,1,45748,106758,0
host,ee,1,66,162885,0
host,vf,0,8156,24578,0
host,vf,1,8156,31812,0
host,vf,1,9,53435,0
host,ee,0,47435,49979,0
host,ee,1,47435,93313,0
host,ee,1,46,148659,0
host,vf,0,8400,4421,0
host,vf,1,8400,12627,0
host,vf,1,2,5439,0
host,ee,0,46727,33138,0
host,ee,1,46727,105398,0
host,ee,1,53,145892,0
host,vf,0,8258,7576,0
host,vf,1,8258,10854,0
host,vf,1,8,13738,0
host,ee,0,51043,20601,0
host,ee,1,51043,123609,0
host,ee,1,62,114870,0
host,vf,0,9111,14337,0
host,vf,1,9111,16779,0
host,vf,1,8,31139,0
host,ee,0,58269,26343,0
host,ee,1,58269,75250,0
host,ee,1,53,89879,0
host,vf,0,10541,4181,0
host,vf,1,10541,13930,0
host,vf,1,6,9142,0
host,ee,0,58815,21801,0
host,ee,1,58815,60506,0
host,ee,1,29,38556,0
host,vf,0,10469,8955,0
host,vf,1,10469,11493,0
host,vf,1,4,9035,0
host,ee,0,60460,27510,0
host,ee,1,60460,57266,0
host,ee,1,39,63462,0
host,vf,0,10855,7734,0
host,vf,1,10855,7573,0
host,vf,1,3,5273,0
host,ee,0,60118,24230,0
host,ee,1,60118,55726,0
host,ee,1,31,37706,0
host,vf,0,10822,3266,0
host,vf,1,10822,2676,0
host,vf,1,1,1377,0
host,ee,0,58379,26449,0
host,ee,1,58379,45395,0
host,ee,1,29,42397,0
host,vf,0,10368,3902,0
host,vf,1,10368,4057,0
host,vf,1,4,4034,0
host,ee,0,55679,18986,0
host,ee,1,55679,47386,0
host,ee,1,30,40461,0
host,vf,0,9704,18972,0
host,vf,1,9704,18208,0
host,vf,1,4,20633,0
host,ee,0,51165,20124,0
host,ee,1,51165,48903,0
host,ee,1,28,39297,0
host,ee,0,48847,77515,0
host,ee,1,48847,88405,0
host,ee,1,25,111259,0
host,ee,0,47191,23332,0
host,ee,1,47191,34661,0
host,ee,1,23,20545,0
host,vf,0,8015,5483,0
host,vf,1,8015,3805,0
host,vf,1,1,1539,0
host,ee,0,47736,19319,0
host,ee,1,47736,33855,0
host,ee,1,20,19597,0
host,vf,0,8058,4277,0
host,vf,1,8058,3461,0
host,vf,1,1,1443,0
host,ee,0,48827,22840,0
host,ee,1,48827,37550,0
host,ee,1,26,28743,0
host,vf,0,8252,8615,0
host,vf,1,8252,7036,0
host,vf,1,1,4917,0
host,ee,0,47429,13897,0
host,ee,1,47429,50243,0
host,ee,1,25,41513,0
host,vf,0,7989,11132,0
host,vf,1,7989,10483,0
host,vf,1,4,11083,0
host,ee,0,45094,12310,0
host,ee,1,45094,30971,0
host,ee,1,25,28954,0
host,vf,0,7602,4313,0
host,vf,1,7602,3014,0
host,vf,1,1,1044,0
host,ee,0,45162,23308,0
host,ee,1,45162,38547,0
host,ee,1,21,24673,0
host,vf,0,7565,5694,0
host,vf,1,7565,4377,0
host,vf,1,1,3297,0
host,ee,0,45053,24740,0
host,ee,1,45053,40625,0
host,ee,1,19,34973,0
host,vf,0,7459,17716,0
host,vf,1,7459,15691,0
host,vf,1,1,14857,0
host,ee,0,44597,15282,0
host,ee,1,44597,39412,0
host,ee,1,20,16722,0
host,vf,0,7470,9650,0
host,vf,1,7470,9721,0
host,vf,1,2,8154,0
host,ee,0,44098,23279,0
host,ee,1,44098,40276,0
host,ee,1,22,27505,0
host,vf,0,7281,3647,0
host,vf,1,7281,3119,0
host,vf,1,1,2241,0
host,ee,0,43322,13641,0
host,ee,1,43322,37527,0
host,ee,1,23,24132,0
host,vf,0,7167,13082,0
host,vf,1,7167,11635,0
host,vf,1,2,12154,0
host,ee,0,44361,26791,0
host,ee,1,44361,40655,0
host,ee,1,23,24762,0
host,ee,0,46169,32045,0
host,ee,1,46169,49531,0
host,ee,1,23,58389,0
host,vf,0,7622,3320,0
host,vf,1,7622,3475,0
host,vf,1,1,747,0
host,ee,0,46296,22150,0
host,ee,1,46296,50396,0
host,ee,1,27,50117,0
host,vf,0,7576,9375,0
host,vf,1,7576,7022,0
host,vf,1,2,6428,0
host,ee,0,47595,21450,0
host,ee,1,47595,40693,0
host,ee,1,23,27365,0
host,ee,0,47777,28375,0
host,ee,1,47777,41821,0
host,ee,1,19,27866,0
host,vf,0,7804,6311,0
host,vf,1,7804,3508,0
host,vf,1,3,6191,0
host,ee,0,46140,19101,0
host,ee,1,46140,41131,0
host,ee,1,25,45885,0
host,vf,0,7547,3742,0
host,vf,1,7547,4579,0
host,vf,1,3,3495,0
host,ee,0,43598,6472,0
host,ee,1,43598,40442,0
host,ee,1,22,23830,0
host,ee,0,43822,25879,0
host,ee,1,43822,44057,0
host,ee,1,27,42288,0
host,vf,0,7279,8415,0
host,vf,1,7279,8010,0
host,vf,1,2,6587,0
host,ee,0,43827,32416,0
host,ee,1,43827,51204,0
host,ee,1,23,19872,0
host,vf,0,7284,6312,0
host,vf,1,7284,6987,0
host,vf,1,2,3968,0
host,ee,0,43173,14901,0
host,ee,1,43173,37352,0
host,ee,1,23,43704,0
host,vf,0,7074,5954,0
host,vf,1,7074,4058,0
host,vf,1,2,2904,0
host,ee,0,43574,16371,0
host,ee,1,43574,82275,0
host,ee,1,22,67967,0
host,vf,0,7149,25305,0
host,vf,1,7149,23690,0
host,vf,1,2,21900,0
host,ee,0,44494,18084,0
host,ee,1,44494,38608,0
host,ee,1,25,29671,0
host,vf,0,7303,13431,0
host,vf,1,7303,11568,0
host,vf,1,2,7885,0
host,ee,0,45100,18536,0
host,ee,1,45100,37658,0
host,ee,1,24,24445,0
host,vf,0,7324,3460,0
host,vf,1,7324,5443,0
host,vf,1,1,235,0
host,ee,0,47995,20342,0
host,ee,1,47995,40105,0
host,ee,1,22,36003,0
host,vf,0,7898,4414,0
host,vf,1,7898,3877,0
host,vf,1,1,307,0
host,ee,0,49567,19922,0
host,ee,1,49567,38660,0
host,ee,1,25,40590,0
host,vf,0,8307,3194,0
host,vf,1,8307,3959,0
host,vf,1,1,309,0
host,ee,0,47570,18458,0
host,ee,1,47570,43735,0
host,ee,1,29,33864,0
host,ee,0,46845,20640,0
host,ee,1,46845,52446,0
host,ee,1,32,56200,0
host,vf,0,7684,6675,0
host,vf,1,7684,8231,0
host,vf,1,2,4578,0
host,ee,0,46830,12718,0
host,ee,1,46830,38147,0
host,ee,1,23,28185,0
host,vf,0,7692,3360,0
host,vf,1,7692,5535,0
host,vf,1,1,486,0
host,ee,0,45866,21366,0
host,ee,1,45866,37360,0
host,ee,1,19,24800,0
host,ee,0,44897,14680,0
host,ee,1,44897,39396,0
host,ee,1,22,28032,0
host,vf,0,7362,6512,0
host,vf,1,7362,4530,0
host,vf,1,1,523,0
host,ee,0,46121,16782,0
host,ee,1,46121,41957,0
host,ee,1,21,21900,0
host,vf,0,7640,11726,0
host,vf,1,7640,11256,0
host,vf,1,3,12295,0
host,ee,0,43834,24759,0
host,ee,1,43834,49755,0
host,ee,1,27,43723,0
host,ee,0,43679,16729,0
host,ee,1,43679,33688,0
host,ee,1,28,28116,0
host,vf,0,7180,8287,0
host,vf,1,7180,8502,0
host,vf,1,2,8670,0
host,ee,0,46025,25744,0
host,ee,1,46025,42916,0
host,ee,1,25,30735,0
host,vf,0,7688,16619,0
host,vf,1,7688,14720,0
host,vf,1,2,14504,0
host,ee,0,48298,24667,0
host,ee,1,48298,43258,0
host,ee,1,22,27243,0
host,vf,0,8158,12294,0
host,vf,1,8158,11118,0
host,vf,1,2,9710,0
host,ee,0,49042,18496,0
host,ee,1,49042,42674,0
host,ee,1,25,30314,0
host,vf,0,8239,3791,0
host,vf,1,8239,5246,0
host,vf,1,2,1924,0
host,ee,0,47479,24778,0
host,ee,1,47479,40643,0
host,ee,1,28,33305,0
host,vf,0,8054,8289,0
host,vf,1,8054,8415,0
host,vf,1,4,6676,0
host,ee,0,47080,22807,0
host,ee,1,47080,40835,0
host,ee,1,25,36571,0
host,vf,0,7972,5264,0
host,vf,1,7972,5442,0
host,vf,1,2,1723,0
host,ee,0,46100,25403,0
host,ee,1,46100,39962,0
host,ee,1,28,23171,0
host,ee,0,46792,19787,0
host,ee,1,46792,45043,0
host,ee,1,26,27102,0
host,vf,0,7963,38773,0
host,vf,1,7963,37460,0
host,vf,1,2,34803,0
host,ee,0,46610,15207,0
host,ee,1,46610,38871,0
host,ee,1,24,35426,0
host,vf,0,7844,20784,0
host,vf,1,7844,19975,0
host,vf,1,2,20155,0
host,ee,0,46835,23279,0
host,ee,1,46835,39241,0
host,ee,1,18,28072,0
host,vf,0,7839,11309,0
host,vf,1,7839,7780,0
host,vf,1,2,8539,0
host,ee,0,47824,17960,0
host,ee,1,47824,54387,0
host,ee,1,28,52737,0
host,vf,0,8057,13753,0
host,vf,1,8057,11952,0
host,vf,1,1,12348,0
host,ee,0,48312,39726,0
host,ee,1,48312,69476,0
host,ee,1,28,146485,0
host,vf,0,8059,4265,0
host,vf,1,8059,4645,0
host,vf,1,1,581,0
host,ee,0,48076,19385,0
host,ee,1,48076,42885,0
host,ee,1,29,34099,0
host,vf,0,7964,17875,0
host,vf,1,7964,19257,0
host,vf,1,2,17965,0
host,ee,0,48830,18849,0
host,ee,1,48830,41147,0
host,ee,1,27,27901,0
host,vf,0,8124,10572,0
host,vf,1,8124,11059,0
host,vf,1,2,8349,0
host,ee,0,52464,19541,0
host,ee,1,52464,48391,0
host,ee,1,28,43641,0
host,vf,0,8896,50886,0
host,vf,1,8896,50786,0
host,vf,1,4,66379,0
host,ee,0,59369,21246,0
host,ee,1,59369,50040,0
host,ee,1,33,30431,0
host,vf,0,10616,20096,0
host,vf,1,10616,21482,0
host,vf,1,4,20402,0
host,ee,0,65751,28666,0
host,ee,1,65751,74657,0
host,ee,1,34,87361,0
host,vf,0,12308,101140,0
host,vf,1,12308,97548,0
host,vf,1,2,97933,0
host,ee,0,71671,29199,0
host,ee,1,71671,56616,0
host,ee,1,33,35603,0
host,vf,0,13899,70276,0
host,vf,1,13899,68207,0
host,vf,1,1,56671,0
host,ee,0,78320,37851,0
host,ee,1,78320,66643,0
host,ee,1,29,66168,0
host,vf,0,15759,11273,0
host,vf,1,15759,12042,0
host,vf,1,2,2740,0
host,ee,0,79885,29373,0
host,ee,1,79885,63334,0
host,ee,1,40,44677,0
host,vf,0,16091,19755,0
host,vf,1,16091,20821,0
host,vf,1,3,20444,0
host,ee,0,88252,36058,0
host,ee,1,88252,57405,0
host,ee,1,34,36109,0
host,vf,0,18492,58589,0
host,vf,1,18492,58500,0
host,vf,1,4,55366,0
host,ee,0,97099,37769,0
host,ee,1,97099,60438,0
host,ee,1,21,23541,0
host,vf,0,21176,24825,0
host,vf,1,21176,25891,0
host,vf,1,2,22606,0
host,ee,0,104966,41611,0
host,ee,1,104966,68223,0
host,ee,1,23,30037,0
host,vf,0,23734,12122,0
host,vf,1,23734,11627,0
host,vf,1,5,16018,0
host,ee,0,109396,44243,0
host,ee,1,109396,69379,0
host,ee,1,24,27097,0
host,vf,0,25209,57588,0
host,vf,1,25209,59484,0
host,vf,1,2,44879,0
host,ee,0,110978,46235,0
host,ee,1,110978,63983,0
host,ee,1,22,31833,0
host,ee,0,111093,46867,0
host,ee,1,111093,72544,0
host,ee,1,26,28610,0
host,vf,0,26231,15252,0
host,vf,1,26231,18746,0
host,vf,1,3,5596,0
host,ee,0,114729,47107,0
host,ee,1,114729,69231,0
host,ee,1,27,36882,0
host,vf,0,27571,18749,0
host,vf,1,27571,23202,0
host,vf,1,5,16331,0
host,ee,0,119791,49963,0
host,ee,1,119791,71660,0
host,ee,1,21,25357,0
host,vf,0,29443,21804,0
host,vf,1,29443,19605,0
host,vf,1,3,6497,0
host,ee,0,134255,60002,0
host,ee,1,134255,77725,0
host,ee,1,16,21278,0
host,ee,0,146894,74666,0
host,ee,1,146894,88719,0
host,ee,1,15,23681,0
host,ee,0,163675,75081,0
host,ee,1,163675,93036,0
host,ee,1,17,25587,0
host,ee,0,191279,90238,0
host,ee,1,191279,102946,0
host,ee,1,18,29499,0
host,ee,0,224355,105590,0
host,ee,1,224355,120500,0
host,ee,1,18,18810,0
host,ee,0,256500,113691,0
host,ee,1,256500,137987,0
host,ee,1,15,18082,0
host,ee,0,294909,138375,0
host,ee,1,294909,152247,0
host,ee,1,19,19670,0
host,ee,0,336090,153314,0
host,ee,1,336090,175057,0
host,ee,1,16,37391,0
host,ee,0,375926,173433,0
host,ee,1,375926,188966,0
host,ee,1,17,17272,0
host,ee,0,412907,195716,0
host,ee,1,412907,212474,0
host,ee,1,17,20925,0
host,ee,0,448963,218660,0
host,ee,1,448963,236028,0
host,ee,1,17,24423,0
host,ee,0,455642,224890,0
host,ee,1,455642,246374,0
host,ee,1,16,20874,0
host,ee,0,458216,225011,0
host,ee,1,458216,241518,0
host,ee,1,17,31456,0
host,ee,0,465510,218793,0
host,ee,1,465510,245393,0
host,ee,1,19,22230,0
host,vf,0,164094,77459,0
host,vf,1,164094,74270,0
host,vf,1,2,5051,0
host,ee,0,467530,228840,0
host,ee,1,467530,243045,0
host,ee,1,15,19752,0
host,ee,0,450739,218419,0
host,ee,1,450739,235567,0
host,ee,1,19,23277,0
host,vf,0,159960,73448,0
host,vf,1,159960,70829,0
host,vf,1,1,706,0
host,ee,0,441626,216379,0
host,ee,1,441626,237128,0
host,ee,1,21,29349,0
host,ee,0,432740,209311,0
host,ee,1,432740,232539,0
host,ee,1,20,23193,0
host,ee,0,411918,200756,0
host,ee,1,411918,219876,0
host,ee,1,25,28486,0
host,ee,0,396240,191262,0
host,ee,1,396240,208535,0
host,ee,1,20,24859,0
host,ee,0,388206,187583,0
host,ee,1,388206,204782,0
host,ee,1,15,14849,0
host,ee,0,389858,192098,0
host,ee,1,389858,210457,0
host,ee,1,19,31155,0
host,ee,0,480289,233112,0
host,ee,1,480289,251271,0
host,ee,1,21,23833,0
host,ee,0,529958,255931,0
host,ee,1,529958,277037,0
host,ee,1,21,30117,0
host,vf,0,199628,91710,0
host,vf,1,199628,91072,0
host,vf,1,6,5678,0
host,ee,0,533881,262207,0
host,ee,1,533881,277635,0
host,ee,1,27,31788,0
host,vf,0,203660,18705,0
host,vf,1,203660,135941,0
host,vf,1,10,24144,0
host,ee,0,484492,230161,0
host,ee,1,484492,245650,0
host,ee,1,24,26557,0
host,vf,0,184459,11244,0
host,vf,1,184459,81369,0
host,vf,1,7,14293,0
host,ee,0,354172,166759,0
host,ee,1,354172,186159,0
host,ee,1,19,36176,0
host,vf,0,131472,29062,0
host,vf,1,131472,96548,0
host,vf,1,6,40224,0
host,ee,0,247648,114572,0
host,ee,1,247648,138300,0
host,ee,1,25,28414,0
host,vf,0,88447,10144,0
host,vf,1,88447,43666,0
host,vf,1,4,8770,0
host,ee,0,190616,90082,0
host,ee,1,190616,105921,0
host,ee,1,22,17386,0
host,vf,0,65907,3852,0
host,vf,1,65907,36121,0
host,vf,1,4,3830,0
host,ee,0,120599,54286,0
host,ee,1,120599,78007,0
host,ee,1,18,26207,0
host,vf,0,39309,5319,0
host,vf,1,39309,24570,0
host,vf,1,4,7707,0
host,ee,0,82060,41820,0
host,ee,1,82060,58162,0
host,ee,1,17,22037,0
host,vf,0,25307,18317,0
host,vf,1,25307,18222,0
host,vf,1,3,7088,0
host,ee,0,64294,27884,0
host,ee,1,64294,46657,0
host,ee,1,20,21993,0
host,vf,0,18817,2549,0
host,vf,1,18817,10409,0
host,vf,1,1,383,0
host,ee,0,53186,25731,0
host,ee,1,53186,43589,0
host,ee,1,23,25949,0
host,vf,0,14615,9423,0
host,vf,1,14615,10627,0
host,vf,1,1,1297,0
host,ee,0,39608,14120,0
host,ee,1,39608,35379,0
host,ee,1,25,22058,0
host,vf,0,9462,9098,0
host,vf,1,9462,9811,0
host,vf,1,2,4852,0
host,ee,0,29285,20409,0
host,ee,1,29285,35759,0
host,ee,1,18,26479,0
host,vf,0,6196,7908,0
host,vf,1,6196,7346,0
host,vf,1,1,2732,0
host,ee,0,25893,12100,0
host,ee,1,25893,31857,0
host,ee,1,16,19763,0
host,ee,0,21989,17296,0
host,ee,1,21989,27452,0
host,ee,1,19,16515,0
host,ee,0,20512,8595,0
host,ee,1,20512,23974,0
host,ee,1,17,24406,0
host,ee,0,21136,6873,0
host,ee,1,21136,25368,0
host,ee,1,19,23706,0
host,ee,0,21271,11670,0
host,ee,1,21271,30221,0
host,ee,1,16,22889,0
host,ee,0,18616,10100,0
host,ee,1,18616,27731,0
host,ee,1,17,24126,0
host,vf,0,3809,6708,0
host,vf,1,3809,6530,0
host,vf,1,1,1799,0
host,ee,0,17309,9050,0
host,ee,1,17309,25262,0
host,ee,1,20,21665,0
host,vf,0,3474,7782,0
host,vf,1,3474,7238,0
host,vf,1,1,2764,0
host,ee,0,16400,7351,0
host,ee,1,16400,22297,0
host,ee,1,16,21105,0
host,ee,0,15836,10666,0
host,ee,1,15836,25277,0
host,ee,1,17,28049,0
host,ee,0,15698,7565,0
host,ee,1,15698,22711,0
host,ee,1,19,21025,0
host,ee,0,15414,13056,0
host,ee,1,15414,25766,0
host,ee,1,17,29965,0
host,vf,0,2983,5682,0
host,vf,1,2983,4842,0
host,vf,1,1,429,0
host,ee,0,15203,9400,0
host,ee,1,15203,26929,0
host,ee,1,16,24043,0
host,vf,0,2887,1472,0
host,vf,1,2887,4796,0
host,vf,1,1,313,0
host,ee,0,15275,9498,0
host,ee,1,15275,27267,0
host,ee,1,14,21121,0
host,ee,0,15403,10235,0
host,ee,1,15403,31444,0
host,ee,1,14,20464,0
host,ee,0,15333,6863,0
host,ee,1,15333,28867,0
host,ee,1,14,18879,0
host,vf,0,2985,4840,0
host,vf,1,2985,5622,0
host,vf,1,1,835,0
host,ee,0,14962,5434,0
host,ee,1,14962,25541,0
host,ee,1,14,21220,0
host,ee,0,14645,5948,0
host,ee,1,14645,26988,0
host,ee,1,19,24203,0
host,ee,0,14178,6869,0
host,ee,1,14178,25101,0
host,ee,1,15,27290,0
host,ee,0,13711,13575,0
host,ee,1,13711,26873,0
host,ee,1,16,24071,0
host,ee,0,13619,10508,0
host,ee,1,13619,28863,0
host,ee,1,18,23956,0
host,vf,0,2797,5902,0
host,vf,1,2797,6580,0
host,vf,1,1,2353,0
host,ee,0,13543,9062,0
host,ee,1,13543,25709,0
host,ee,1,14,21437,0
host,vf,0,2795,5023,0
host,vf,1,2795,5694,0
host,vf,1,2,1064,0
host,ee,0,13479,7681,0
host,ee,1,13479,26747,0
host,ee,1,15,19344,0
host,vf,0,2779,9045,0
host,vf,1,2779,7386,0
host,vf,1,2,4528,0
host,ee,0,13503,6984,0
host,ee,1,13503,25877,0
host,ee,1,16,26285,0
host,vf,0,2784,8638,0
host,vf,1,2784,6467,0
host,vf,1,3,5514,0
host,ee,0,13476,7655,0
host,ee,1,13476,24957,0
host,ee,1,16,18601,0
host,ee,0,13532,6933,0
host,ee,1,13532,27679,0
host,ee,1,15,28928,0
host,ee,0,13535,7722,0
host,ee,1,13535,28661,0
host,ee,1,15,23546,0
host,ee,0,13482,8148,0
host,ee,1,13482,26724,0
host,ee,1,16,22255,0
host,ee,0,13435,18663,0
host,ee,1,13435,33767,0
host,ee,1,16,31460,0
host,ee,0,13409,9360,0
host,ee,1,13409,22910,0
host,ee,1,15,16437,0
host,ee,0,13383,9386,0
host,ee,1,13383,23667,0
host,ee,1,15,21267,0
host,ee,0,13357,6819,0
host,ee,1,13357,26914,0
host,ee,1,16,17425,0
host,vf,0,2769,7535,0
host,vf,1,2769,6911,0
host,vf,1,2,3559,0
host,ee,0,13412,11003,0
host,ee,1,13412,25875,0
host,ee,1,17,23513,0
host,vf,0,2774,6333,0
host,vf,1,2774,5087,0
host,vf,1,1,962,0
host,ee,0,13402,8788,0
host,ee,1,13402,29393,0
host,ee,1,14,22831,0
host,ee,0,13410,12887,0
host,ee,1,13410,29726,0
host,ee,1,14,23046,0
host,ee,0,13389,7302,0
host,ee,1,13389,27126,0
host,ee,1,16,19539,0
host,ee,0,13371,8321,0
host,ee,1,13371,25073,0
host,ee,1,17,29089,0
host,vf,0,2771,8361,0
host,vf,1,2771,6490,0
host,vf,1,1,2962,0
host,ee,0,13368,7579,0
host,ee,1,13368,20266,0
host,ee,1,15,28995,0
host,vf,0,2770,5672,0
host,vf,1,2770,5479,0
host,vf,1,1,1053,0
host,ee,0,13408,8199,0
host,ee,1,13408,22524,0
host,ee,1,13,22245,0
host,ee,0,13413,5282,0
host,ee,1,13413,22912,0
host,ee,1,17,23031,0
host,ee,0,13371,7564,0
host,ee,1,13371,25795,0
host,ee,1,14,21101,0
host,vf,0,2769,5356,0
host,vf,1,2769,5172,0
host,vf,1,1,1061,0
host,ee,0,13367,7519,0
host,ee,1,13367,25350,0
host,ee,1,16,22605,0
host,ee,0,13362,10304,0
host,ee,1,13362,27160,0
host,ee,1,15,30240,0
host,ee,0,13351,7164,0
host,ee,1,13351,28271,0
host,ee,1,14,25460,0
host,vf,0,2771,6054,0
host,vf,1,2771,5760,0
host,vf,1,1,1737,0
host,ee,0,13340,8453,0
host,ee,1,13340,23863,0
host,ee,1,13,16080,0
host,ee,0,13347,7415,0
host,ee,1,13347,24662,0
host,ee,1,14,25987,0
host,vf,0,2770,5128,0
host,vf,1,2770,5271,0
host,vf,1,1,375,0
host,ee,0,13339,10293,0
host,ee,1,13339,29654,0
host,ee,1,18,23105,0
host,vf,0,2768,5936,0
host,vf,1,2768,5368,0
host,vf,1,1,407,0
host,ee,0,13342,7808,0
host,ee,1,13342,29708,0
host,ee,1,17,31537,0
host,vf,0,2768,5039,0
host,vf,1,2768,5572,0
host,vf,1,1,909,0
host,ee,0,13344,12385,0
host,ee,1,13344,29560,0
host,ee,1,15,26660,0
host,vf,0,2769,6138,0
host,vf,1,2769,5647,0
host,vf,1,1,1354,0
host,ee,0,13336,8130,0
host,ee,1,13336,24810,0
host,ee,1,14,17523,0
host,ee,0,13363,10387,0
host,ee,1,13363,24540,0
host,ee,1,18,21976,0
host,vf,0,2776,5326,0
host,vf,1,2776,6673,0
host,vf,1,2,2698,0
host,ee,0,13367,8895,0
host,ee,1,13367,25067,0
host,ee,1,13,14227,0
host,vf,0,2775,5758,0
host,vf,1,2775,5509,0
host,vf,1,2,1348,0
host,ee,0,13364,8092,0
host,ee,1,13364,25520,0
host,ee,1,14,23319,0
host,vf,0,2770,5560,0
host,vf,1,2770,5966,0
host,vf,1,1,930,0
host,ee,0,13350,7287,0
host,ee,1,13350,23892,0
host,ee,1,16,16807,0
host,vf,0,2776,6775,0
host,vf,1,2776,6765,0
host,vf,1,2,2777,0
host,ee,0,13352,9763,0
host,ee,1,13352,25612,0
host,ee,1,16,20838,0
host,vf,0,2776,6006,0
host,vf,1,2776,5672,0
host,vf,1,1,1531,0
host,ee,0,13347,11066,0
host,ee,1,13347,25102,0
host,ee,1,16,28935,0
host,ee,0,13345,11743,0
host,ee,1,13345,31913,0
host,ee,1,14,24720,0
host,vf,0,2769,7564,0
host,vf,1,2769,7754,0
host,vf,1,1,3534,0
host,ee,0,13351,7883,0
host,ee,1,13351,23761,0
host,ee,1,16,18369,0
host,ee,0,13367,7603,0
host,ee,1,13367,21537,0
host,ee,1,15,22209,0
host,vf,0,2772,6191,0
host,vf,1,2772,6051,0
host,vf,1,1,1797,0
host,ee,0,13328,8706,0
host,ee,1,13328,24607,0
host,ee,1,16,27530,0
host,vf,0,2758,9250,0
host,vf,1,2758,7750,0
host,vf,1,1,4191,0
host,ee,0,13331,6712,0
host,ee,1,13331,22945,0
host,ee,1,20,24253,0
host,vf,0,2760,9686,0
host,vf,1,2760,8369,0
host,vf,1,1,3673,0
host,ee,0,13318,7301,0
host,ee,1,13318,26756,0
host,ee,1,14,25784,0
host,ee,0,13332,6700,0
host,ee,1,13332,20861,0
host,ee,1,15,28374,0
host,vf,0,2756,7599,0
host,vf,1,2756,7825,0
host,vf,1,2,3388,0
host,ee,0,13321,10532,0
host,ee,1,13321,30227,0
host,ee,1,16,28866,0
host,vf,0,2756,5808,0
host,vf,1,2756,4823,0
host,vf,1,1,927,0
host,ee,0,13350,7369,0
host,ee,1,13350,20923,0
host,ee,1,16,40247,0
host,vf,0,2761,5687,0
host,vf,1,2761,493,0
host,vf,1,1,1354,0
host,ee,0,13353,10227,0
host,ee,1,13353,23176,0
host,ee,1,14,14862,0
host,ee,0,13354,8102,0
host,ee,1,13354,22385,0
host,ee,1,16,22783,0
host,vf,0,2762,5363,0
host,vf,1,2762,5085,0
host,vf,1,1,575,0
host,ee,0,13353,6050,0
host,ee,1,13353,24461,0
host,ee,1,16,32695,0
host,vf,0,2763,5467,0
host,vf,1,2763,7117,0
host,vf,1,2,3032,0
host,ee,0,13344,5276,0
host,ee,1,13344,25136,0
host,ee,1,14,15732,0
host,vf,0,2763,6652,0
host,vf,1,2763,5545,0
host,vf,1,1,1373,0
host,ee,0,13354,8512,0
host,ee,1,13354,20917,0
host,ee,1,14,22555,0
host,ee,0,13330,9928,0
host,ee,1,13330,26621,0
host,ee,1,13,23099,0
host,ee,0,13353,14263,0
host,ee,1,13353,31133,0
host,ee,1,14,43865,0
host,vf,0,10713,2324,0
host,vf,1,10713,2242,0
host,vf,1,1,2949,0
host,ee,0,27746,11804,0
host,ee,1,27746,11874,0
host,ee,1,1,1177,0
host,vf,0,10695,1533,0
host,vf,1,10695,1890,0
host,vf,1,1,1388,0
host,ee,0,27796,12516,0
host,ee,1,27796,13478,0
host,ee,1,1,987,0
host,ee,0,27605,14740,0
host,ee,1,27605,15135,0
host,ee,1,3,3927,0
host,ee,0,27633,13498,0
host,ee,1,27633,12934,0
host,ee,1,1,821,0
host,ee,0,27674,12805,0
host,ee,1,27674,13339,0
host,ee,1,1,595,0
host,ee,0,27689,12273,0
host,ee,1,27689,12740,0
host,ee,1,1,1275,0
host,ee,0,27751,14766,0
host,ee,1,27751,15435,0
host,ee,1,1,2377,0
host,ee,0,27769,14190,0
host,ee,1,27769,12670,0
host,ee,1,2,1607,0
host,ee,0,27746,13479,0
host,ee,1,27746,13972,0
host,ee,1,1,1333,0
host,vf,0,10663,1713,0
host,vf,1,10663,1796,0
host,vf,1,1,2704,0
host,ee,0,27653,15089,0
host,ee,1,27653,12942,0
host,ee,1,1,1584,0
device,ee,0,27918,103020,0
device,ee,0,27918,103020,0
device,ee,1,27918,103020,0
device,ee,1,3,3579,0
device,vf,0,10701,71109,19
device,vf,0,10701,71109,19
device,vf,1,10701,71109,19
device,vf,1,1,3721,0
device,ee,0,27921,101223,0
device,ee,1,27921,101223,0
device,ee,1,1,1543,0
device,vf,0,10708,69496,21
device,vf,1,10708,69496,21
device,vf,1,1,1831,0
device,ee,0,27938,101862,0
device,ee,1,27938,101862,0
device,ee,1,1,2013,0
device,ee,0,27957,101441,0
device,ee,1,27957,101441,0
device,ee,1,1,1477,0
device,vf,0,10733,70647,23
device,vf,1,10733,70647,23
device,vf,1,1,2721,0
device,ee,0,28200,104418,0
device,ee,1,28200,104418,0
device,ee,1,1,2347,0
device,ee,0,28225,219424,0
device,ee,1,28225,129771,0
device,ee,1,15,48848,0
device,vf,0,10771,71221,71
device,vf,1,10771,71221,71
device,vf,1,6,3162,39
device,ee,0,28216,109618,0
device,ee,1,28216,109658,0
device,ee,1,2,6628,0
device,ee,0,28253,106523,0
device,ee,1,28253,106523,0
device,ee,1,1,2811,0
device,ee,0,28252,111674,0
device,ee,1,28252,112194,0
device,ee,1,1,8865,0
device,ee,0,28278,104742,0
device,ee,1,28278,104742,0
device,ee,1,1,1439,0
device,vf,0,10783,70981,35
device,vf,1,10783,70981,35
device,vf,1,1,2741,0
device,ee,0,28389,104047,0
device,ee,1,28389,104047,0
device,ee,1,1,953,0
device,vf,0,10839,70641,42
device,vf,1,10839,70641,42
device,vf,1,1,1917,0
device,ee,0,29054,107034,0
device,ee,1,29054,107034,0
device,ee,1,1,2027,0
device,ee,0,29213,106255,0
device,ee,1,29213,106255,0
device,ee,1,1,725,0
device,ee,0,31533,116691,0
device,ee,1,31533,116691,0
device,ee,1,2,2548,0
device,ee,0,32128,117196,0
device,ee,1,32128,117196,0
device,ee,1,2,826,0
device,vf,0,11462,77028,68
device,vf,1,11462,77028,68
device,vf,1,1,1759,0
device,ee,0,33083,120533,0
device,ee,1,33083,120533,0
device,ee,1,1,1543,0
device,ee,0,33560,122470,0
device,ee,1,33560,122470,0
device,ee,1,2,2818,0
device,ee,0,33585,120781,0
device,ee,1,33585,120781,0
device,ee,1,1,1587,0
device,ee,0,33517,120901,0
device,ee,1,33517,120901,0
device,ee,1,1,2153,0
device,ee,0,33295,123903,0
device,ee,1,33295,124033,0
device,ee,1,1,6421,0
device,ee,0,33148,117468,0
device,ee,1,33148,117468,0
device,ee,1,1,1115,0
device,vf,0,11130,75202,66
device,vf,1,11130,75202,66
device,vf,1,1,2477,0
device,vf,0,11099,74097,71
device,vf,1,11099,74097,71
device,vf,1,1,1581,0
device,ee,0,33156,116274,0
device,ee,1,33156,116274,0
device,ee,1,1,459,0
device,ee,0,33146,117110,0
device,ee,1,33146,117110,0
device,ee,1,1,1089,0
device,ee,0,32589,117273,0
device,ee,1,32589,117383,0
device,ee,1,2,4646,0
device,vf,0,10559,68619,80
device,vf,1,10559,68619,80
device,vf,1,1,1529,0
device,ee,0,33644,116250,0
device,ee,1,33644,116250,0
device,ee,1,1,1375,0
device,vf,0,10489,68421,72
device,vf,1,10489,68421,72
device,vf,1,1,2129,0
device,vf,0,10362,66920,69
device,vf,1,10362,66920,69
device,vf,1,1,1787,0
device,ee,0,33093,118151,0
device,ee,1,33093,118151,0
device,ee,1,2,5112,0
device,ee,0,32881,112605,0
device,ee,1,32881,112605,0
device,ee,1,1,379,0
device,ee,0,33024,116954,0
device,ee,1,33024,116954,0
device,ee,1,1,487,0
device,ee,0,33268,118428,0
device,ee,1,33268,118746,0
device,ee,1,3,1749,0
device,vf,0,9930,60922,107
device,vf,1,9930,60922,107
device,vf,1,1,865,0
device,ee,0,33644,120786,0
device,ee,1,33644,121768,0
device,ee,1,2,8054,0
device,ee,0,33826,118564,0
device,ee,1,33826,118564,0
device,ee,1,2,4122,0
device,ee,0,34091,263798,0
device,ee,1,34091,144359,0
device,ee,1,2,43606,0
device,ee,0,34915,117803,0
device,ee,1,34915,117803,0
device,ee,1,1,1103,0
device,ee,0,35429,118397,0
device,ee,1,35429,118397,0
device,ee,1,1,2503,0
device,ee,0,34732,115920,0
device,ee,1,34732,115920,0
device,ee,1,1,1359,0
device,ee,0,34403,114131,0
device,ee,1,34403,114131,0
device,ee,1,2,1662,0
device,vf,0,9525,56945,100
device,vf,1,9525,56945,100
device,vf,1,1,1185,0
device,ee,0,34018,121720,0
device,ee,1,34018,122028,0
device,ee,1,3,10411,0
device,ee,0,34357,113673,0
device,ee,1,34357,113673,0
device,ee,1,1,825,0
device,ee,0,36096,116322,0
device,ee,1,36096,116322,0
device,ee,1,1,769,0
device,ee,0,36396,128624,0
device,ee,1,36396,128624,0
device,ee,1,1,12385,0
device,vf,0,9577,56735,102
device,vf,1,9577,56735,102
device,vf,1,1,2805,0
device,ee,0,37026,116654,0
device,ee,1,37026,116654,0
device,ee,1,2,1422,0
device,vf,0,9646,56474,113
device,vf,1,9646,56474,113
device,vf,1,2,3838,0
device,ee,0,35908,114532,0
device,ee,1,35908,114532,0
device,ee,1,1,1557,0
device,ee,0,35216,112944,0
device,ee,1,35216,112944,0
device,ee,1,1,605,0
device,ee,0,35161,114807,0
device,ee,1,35161,114807,0
device,ee,1,2,3548,0
device,ee,0,34502,111122,0
device,ee,1,34502,111122,0
device,ee,1,2,952,0
device,ee,0,34563,123017,0
device,ee,1,34563,123941,0
device,ee,1,2,13750,0
device,vf,0,8814,48706,100
device,vf,1,8814,48706,100
device,vf,1,1,1107,0
device,ee,0,34548,125322,0
device,ee,1,34548,129878,0
device,ee,1,2,14202,0
device,ee,0,34091,131355,0
device,ee,1,34091,134397,0
device,ee,1,3,20619,0
device,vf,0,8562,47966,105
device,vf,1,8562,47966,105
device,vf,1,1,1103,0
device,ee,0,33614,123180,0
device,ee,1,33614,153762,0
device,ee,1,2,53210,0
device,ee,0,33224,113304,0
device,ee,1,33224,113304,0
device,ee,1,1,4235,0
device,ee,0,33200,108946,0
device,ee,1,33200,108946,0
device,ee,1,2,1724,0
device,ee,0,33831,149561,0
device,ee,1,33831,160385,0
device,ee,1,3,40701,0
device,ee,0,34333,111183,0
device,ee,1,34333,111183,0
device,ee,1,2,2172,0
device,ee,0,33859,110731,0
device,ee,1,33859,110731,0
device,ee,1,1,2523,0
device,vf,0,8427,47749,108
device,vf,1,8427,47749,108
device,vf,1,2,3274,0
device,vf,0,8443,46337,109
device,vf,1,8443,46337,109
device,vf,1,2,1854,0
device,vf,0,8461,51271,123
device,vf,1,8461,51673,123
device,vf,1,1,6407,0
device,vf,0,8685,49133,118
device,vf,1,8685,49133,118
device,vf,1,1,3613,0
device,ee,0,35575,112223,0
device,ee,1,35575,112223,0
device,ee,1,1,425,0
device,vf,0,8765,44857,109
device,vf,1,8765,44857,109
device,vf,1,1,993,0
device,ee,0,39146,120306,0
device,ee,1,39146,120306,0
device,ee,1,2,1788,0
device,vf,0,9286,45400,129
device,vf,1,9286,45400,129
device,vf,1,1,511,0
device,ee,0,39836,120816,0
device,ee,1,39836,120816,0
device,ee,1,3,1781,0
device,vf,0,9462,46054,146
device,vf,1,9462,46054,146
device,vf,1,1,937,0
device,ee,0,42197,123925,0
device,ee,1,42197,123925,0
device,ee,1,1,363,0
device,ee,0,44331,130357,0
device,ee,1,44331,130357,0
device,ee,1,2,3614,0
device,vf,0,10419,48981,155
device,vf,1,10419,48981,155
device,vf,1,1,1635,0
device,vf,0,10487,51969,189
device,vf,1,10487,51967,189
device,vf,1,1,5019,0
device,ee,0,42234,126008,0
device,ee,1,42234,126008,0
device,ee,1,2,1668,0
device,vf,0,9588,45678,160
device,vf,1,9588,45678,160
device,vf,1,1,459,0
device,ee,0,40186,120078,0
device,ee,1,40186,120078,0
device,ee,1,1,479,0
device,vf,0,9093,45117,147
device,vf,1,9093,45117,147
device,vf,1,2,3082,0
device,ee,0,39412,126424,0
device,ee,1,39412,126680,0
device,ee,1,3,8493,0
device,ee,0,37072,118666,0
device,ee,1,37072,118666,0
device,ee,1,2,2386,0
device,vf,0,8203,43187,129
device,vf,1,8203,43187,129
device,vf,1,1,4015,0
device,ee,0,34584,113044,0
device,ee,1,34584,113044,0
device,ee,1,1,1283,0
device,vf,0,7619,38595,138
device,vf,1,7619,38595,138
device,vf,1,1,957,0
device,ee,0,33213,110259,0
device,ee,1,33213,110259,0
device,ee,1,3,1991,0
device,ee,0,31969,109723,0
device,ee,1,31969,109723,0
device,ee,1,2,3748,0
device,ee,0,31329,107769,0
device,ee,1,31329,107769,0
device,ee,1,2,1424,0
device,ee,0,31483,110081,0
device,ee,1,31483,110081,0
device,ee,1,3,3903,0
device,vf,0,6708,36528,95
device,vf,1,6708,36528,95
device,vf,1,1,2175,0
device,ee,0,31913,113417,0
device,ee,1,31913,113417,0
device,ee,1,2,6534,0
device,vf,0,7210,36458,133
device,vf,1,7210,36458,133
device,vf,1,1,609,0
device,ee,0,33581,121387,0
device,ee,1,33581,122127,0
device,ee,1,2,1070,0
device,vf,0,7265,38491,135
device,vf,1,7265,38491,135
device,vf,1,1,2567,0
device,ee,0,33770,830836,0
device,ee,1,33770,23706126,0
device,ee,1,263,15324161,0
device,vf,0,7319,76577,198
device,vf,1,7319,114853,198
device,vf,1,92,71346,50
device,ee,0,34239,259783,0
device,ee,1,34239,364861,0
device,ee,1,22,119570,0
device,vf,0,7381,55037,146
device,vf,1,7381,55037,146
device,vf,1,3,7177,0
device,ee,0,34560,227400,0
device,ee,1,34560,360278,0
device,ee,1,15,216169,0
device,vf,0,7373,45849,136
device,vf,1,7373,45863,136
device,vf,1,1,1201,0
device,ee,0,34228,227064,0
device,ee,1,34228,334044,0
device,ee,1,18,127060,0
device,vf,0,7224,45112,117
device,vf,1,7224,45112,117
device,vf,1,2,3614,0
device,ee,0,34187,250131,0
device,ee,1,34187,406905,0
device,ee,1,19,186969,0
device,vf,0,7182,50826,103
device,vf,1,7182,51098,103
device,vf,1,2,10774,0
device,ee,0,33469,251579,0
device,ee,1,33469,360307,0
device,ee,1,17,162377,0
device,vf,0,6983,41237,116
device,vf,1,6983,41237,116
device,vf,1,2,2166,0
device,ee,0,33437,224475,0
device,ee,1,33437,303549,0
device,ee,1,18,95788,0
device,ee,0,34917,220563,0
device,ee,1,34917,304653,0
device,ee,1,15,188985,0
device,ee,0,35015,226991,0
device,ee,1,35015,340625,0
device,ee,1,16,138214,0
device,vf,0,7197,40869,122
device,vf,1,7197,40869,122
device,vf,1,3,3425,0
device,ee,0,34911,219505,0
device,ee,1,34911,317495,0
device,ee,1,18,110184,0
device,ee,0,35558,224146,0
device,ee,1,35558,319068,0
device,ee,1,17,160723,0
device,vf,0,7167,38875,111
device,vf,1,7167,38875,111
device,vf,1,1,1705,0
device,ee,0,35411,217475,0
device,ee,1,35411,339811,0
device,ee,1,15,146021,0
device,vf,0,7138,38324,122
device,vf,1,7138,38324,122
device,vf,1,1,1073,0
device,ee,0,35543,216545,0
device,ee,1,35543,321695,0
device,ee,1,16,134090,0
device,vf,0,7056,36900,113
device,vf,1,7056,36900,113
device,vf,1,1,619,0
device,ee,0,35907,222633,0
device,ee,1,35907,329519,0
device,ee,1,17,103657,0
device,vf,0,7150,38510,107
device,vf,1,7150,38510,107
device,vf,1,1,1733,0
device,ee,0,36034,220168,0
device,ee,1,36034,343846,0
device,ee,1,19,214111,0
device,vf,0,7127,38093,101
device,vf,1,7127,38093,101
device,vf,1,1,2145,0
device,ee,0,38197,233983,0
device,ee,1,38197,343221,0
device,ee,1,21,151415,0
device,vf,0,7623,40517,115
device,vf,1,7623,40535,115
device,vf,1,3,3417,0
device,ee,0,38991,225935,0
device,ee,1,38991,314337,0
device,ee,1,16,137372,0
device,vf,0,7840,38008,109
device,vf,1,7840,38008,109
device,vf,1,1,935,0
device,ee,0,36363,226313,0
device,ee,1,36363,350489,0
device,ee,1,17,146157,0
device,vf,0,7246,37314,112
device,vf,1,7246,37314,112
device,vf,1,1,2045,0
device,ee,0,32992,220548,0
device,ee,1,32992,323706,0
device,ee,1,18,184508,0
device,ee,0,33161,212577,0
device,ee,1,33161,350819,0
device,ee,1,17,102095,0
device,vf,0,6408,34260,92
device,vf,1,6408,34260,92
device,vf,1,1,315,0
device,ee,0,33247,215115,0
device,ee,1,33247,291569,0
device,ee,1,17,151205,0
device,vf,0,6478,40350,95
device,vf,1,6478,40874,95
device,vf,1,3,7533,0
device,ee,0,33585,216237,0
device,ee,1,33585,289569,0
device,ee,1,16,148442,0
device,vf,0,6583,36229,95
device,vf,1,6583,36229,95
device,vf,1,2,1226,0
device,ee,0,33438,221760,0
device,ee,1,33438,349502,0
device,ee,1,19,103777,0
device,vf,0,6454,39766,99
device,vf,1,6454,39766,99
device,vf,1,1,1371,0
device,ee,0,33970,224082,0
device,ee,1,33970,350390,0
device,ee,1,17,179789,0
device,vf,0,6445,34445,98
device,vf,1,6445,34445,98
device,vf,1,1,987,0
device,ee,0,35266,230164,0
device,ee,1,35266,371218,0
device,ee,1,17,144581,0
device,ee,0,35842,226130,0
device,ee,1,35842,359886,0
device,ee,1,17,161671,0
device,vf,0,6739,35857,105
device,vf,1,6739,35857,105
device,vf,1,1,1191,0
device,ee,0,35371,221957,0
device,ee,1,35371,323977,0
device,ee,1,17,221197,0
device,vf,0,6608,40044,103
device,vf,1,6608,40044,103
device,vf,1,1,5957,0
device,ee,0,35120,211378,0
device,ee,1,35120,302874,0
device,ee,1,16,79254,0
device,vf,0,6529,82227,97
device,vf,1,6529,72401,97
device,vf,1,2,65662,0
device,ee,0,34941,209595,0
device,ee,1,34941,282781,0
device,ee,1,15,105215,0
device,vf,0,6431,35203,101
device,vf,1,6431,35203,101
device,vf,1,1,491,0
device,ee,0,34299,220453,0
device,ee,1,34299,316163,0
device,ee,1,15,196483,0
device,vf,0,6297,33351,97
device,vf,1,6297,33351,97
device,vf,1,1,659,0
device,ee,0,34383,215669,0
device,ee,1,34383,324077,0
device,ee,1,16,99806,0
device,ee,0,33945,217675,0
device,ee,1,33945,360565,0
device,ee,1,16,187288,0
device,vf,0,6105,35863,100
device,vf,1,6105,35863,100
device,vf,1,1,3437,0
device,ee,0,34245,216625,0
device,ee,1,34245,321185,0
device,ee,1,16,142490,0
device,vf,0,6185,36193,99
device,vf,1,6185,36193,99
device,vf,1,4,3408,0
device,ee,0,34290,219774,0
device,ee,1,34290,345698,0
device,ee,1,15,123521,0
device,vf,0,6232,33910,106
device,vf,1,6232,33910,106
device,vf,1,1,1031,0
device,ee,0,34985,228451,0
device,ee,1,34985,382859,0
device,ee,1,18,142158,0
device,ee,0,34323,221443,0
device,ee,1,34323,301321,0
device,ee,1,17,126931,0
device,ee,0,34102,224780,0
device,ee,1,34102,341060,0
device,ee,1,15,121043,0
device,vf,0,6214,33692,112
device,vf,1,6214,33692,112
device,vf,1,1,769,0
device,ee,0,34901,226301,0
device,ee,1,34901,367373,0
device,ee,1,18,134592,0
device,vf,0,6294,33314,113
device,vf,1,6294,33314,113
device,vf,1,1,379,0
device,ee,0,36599,226111,0
device,ee,1,36599,321171,0
device,ee,1,17,168973,0
device,vf,0,6576,34062,123
device,vf,1,6576,34062,123
device,vf,1,1,689,0
device,ee,0,37558,229608,0
device,ee,1,37558,378650,0
device,ee,1,15,92473,0
device,ee,0,37569,230741,0
device,ee,1,37569,349085,0
device,ee,1,15,146823,0
device,ee,0,39071,220381,0
device,ee,1,39071,308211,0
device,ee,1,18,159628,0
device,vf,0,6847,34263,122
device,vf,1,6847,34263,122
device,vf,1,1,361,0
device,ee,0,38675,227613,0
device,ee,1,38675,327779,0
device,ee,1,19,114785,0
device,vf,0,6857,37067,119
device,vf,1,6857,37067,119
device,vf,1,2,2588,0
device,ee,0,37307,234381,0
device,ee,1,37307,366065,0
device,ee,1,17,123767,0
device,ee,0,36583,233281,0
device,ee,1,36583,327779,0
device,ee,1,17,184893,0
device,vf,0,6412,34232,106
device,vf,1,6412,34232,106
device,vf,1,1,749,0
device,ee,0,34249,228885,0
device,ee,1,34249,306777,0
device,ee,1,18,94698,0
device,ee,0,33807,232133,0
device,ee,1,33807,362303,0
device,ee,1,17,107721,0
device,vf,0,5903,34361,111
device,vf,1,5903,34361,111
device,vf,1,1,785,0
device,ee,0,34338,227890,0
device,ee,1,34338,327218,0
device,ee,1,19,199573,0
device,vf,0,6033,41533,114
device,vf,1,6033,44943,114
device,vf,1,2,998,0
device,ee,0,35656,235954,0
device,ee,1,35656,339704,0
device,ee,1,19,118623,0
device,ee,0,35899,249921,0
device,ee,1,35899,378175,0
device,ee,1,26,167454,0
device,vf,0,6291,36495,120
device,vf,1,6291,36495,120
device,vf,1,1,431,0
device,ee,0,35460,240784,0
device,ee,1,35460,352576,0
device,ee,1,20,167130,0
device,ee,0,36202,261146,0
device,ee,1,36202,363170,0
device,ee,1,20,131532,0
device,vf,0,6379,41589,124
device,vf,1,6379,41589,124
device,vf,1,1,4695,0
device,ee,0,38249,258591,0
device,ee,1,38249,358989,0
device,ee,1,20,126454,0
device,ee,0,39805,263381,0
device,ee,1,39805,319873,0
device,ee,1,20,194292,0
device,vf,0,7078,51416,174
device,vf,1,7078,51920,174
device,vf,1,2,11006,0
device,ee,0,39923,267911,0
device,ee,1,39923,392825,0
device,ee,1,19,200431,0
device,ee,0,38968,253456,0
device,ee,1,38968,391376,0
device,ee,1,29,141447,0
device,vf,0,6912,53236,173
device,vf,1,6912,53512,173
device,vf,1,2,10170,0
device,ee,0,38276,263752,0
device,ee,1,38276,382562,0
device,ee,1,22,125680,0
device,vf,0,6728,46142,186
device,vf,1,6728,46142,186
device,vf,1,1,525,0
device,ee,0,36394,265344,0
device,ee,1,36394,367938,0
device,ee,1,29,114489,0
device,vf,0,6467,48281,206
device,vf,1,6467,48281,206
device,vf,1,1,2737,0
device,ee,0,36037,271387,0
device,ee,1,36037,381163,0
device,ee,1,31,110803,0
device,vf,0,6419,53877,208
device,vf,1,6419,53877,208
device,vf,1,3,3535,0
device,ee,0,37495,279637,0
device,ee,1,37495,402385,0
device,ee,1,31,163289,0
device,ee,0,38287,286025,0
device,ee,1,38287,425133,0
device,ee,1,29,204545,0
device,vf,0,6721,55067,180
device,vf,1,6721,55081,180
device,vf,1,2,10232,0
device,ee,0,38720,288510,0
device,ee,1,38720,414014,0
device,ee,1,26,166670,0
device,ee,0,38666,288558,0
device,ee,1,38666,421672,0
device,ee,1,26,173610,0
device,vf,0,6869,72731,214
device,vf,1,6869,72731,214
device,vf,1,1,19907,0
device,ee,0,38540,303528,0
device,ee,1,38540,390106,0
device,ee,1,30,153092,0
device,vf,0,6752,60542,185
device,vf,1,6752,60588,185
device,vf,1,1,5981,0
device,ee,0,39074,301350,0
device,ee,1,39074,433576,0
device,ee,1,34,161492,0
device,vf,0,6859,58095,209
device,vf,1,6859,58107,209
device,vf,1,4,5552,0
device,ee,0,39567,340499,0
device,ee,1,39567,470355,0
device,ee,1,28,180334,0
device,vf,0,6984,68572,203
device,vf,1,6984,69440,203
device,vf,1,2,17382,0
device,ee,0,40050,322394,0
device,ee,1,40050,465886,0
device,ee,1,35,182363,0
device,vf,0,7020,100372,212
device,vf,1,7020,172110,212
device,vf,1,3,115231,0
device,ee,0,39896,318368,0
device,ee,1,39896,544948,0
device,ee,1,29,259015,0
device,vf,0,7006,171608,206
device,vf,1,7006,223216,206
device,vf,1,5,156865,0
device,ee,0,40250,316516,0
device,ee,1,40250,489338,0
device,ee,1,29,204093,0
device,vf,0,7009,92909,222
device,vf,1,7009,99613,222
device,vf,1,5,36915,0
device,ee,0,40121,350843,0
device,ee,1,40121,494831,0
device,ee,1,39,217725,0
device,vf,0,7007,104091,261
device,vf,1,7007,119993,261
device,vf,1,9,50453,0
device,ee,0,40920,340900,0
device,ee,1,40920,432790,0
device,ee,1,40,169356,0
device,vf,0,7123,93355,288
device,vf,1,7123,111233,288
device,vf,1,8,38652,0
device,ee,0,42176,371812,0
device,ee,1,42176,535054,0
device,ee,1,43,332171,0
device,vf,0,7322,111288,308
device,vf,1,7322,141274,310
device,vf,1,6,65758,29
device,ee,0,41326,395250,0
device,ee,1,41326,560244,0
device,ee,1,39,296131,0
device,vf,0,7167,106479,294
device,vf,1,7167,112729,294
device,vf,1,7,27195,0
device,ee,0,40760,363550,0
device,ee,1,40760,506700,0
device,ee,1,38,217816,0
device,vf,0,7097,154649,353
device,vf,1,7097,252769,353
device,vf,1,11,158045,0
device,ee,0,41216,379454,0
device,ee,1,41216,626842,0
device,ee,1,40,423428,0
device,vf,0,7184,105694,317
device,vf,1,7184,145330,317
device,vf,1,8,83760,0
device,ee,0,42707,385109,0
device,ee,1,42707,593171,0
device,ee,1,42,285766,0
device,vf,0,7362,114472,357
device,vf,1,7362,142740,361
device,vf,1,8,72798,0
device,ee,0,42382,403814,0
device,ee,1,42382,568996,0
device,ee,1,38,302908,0
device,vf,0,7278,132592,375
device,vf,1,7278,218190,377
device,vf,1,5,116369,0
device,ee,0,42647,367271,0
device,ee,1,42647,482419,0
device,ee,1,35,185647,0
device,vf,0,7424,122622,341
device,vf,1,7424,135094,341
device,vf,1,9,48209,7
device,ee,0,42453,392721,0
device,ee,1,42453,556005,0
device,ee,1,35,270359,0
device,vf,0,7438,116838,312
device,vf,1,7438,217422,312
device,vf,1,11,94447,0
device,ee,0,41743,370283,0
device,ee,1,41743,439297,0
device,ee,1,31,192667,0
device,vf,0,7334,166724,336
device,vf,1,7334,272522,336
device,vf,1,14,134804,0
device,ee,0,42972,365668,0
device,ee,1,42972,456312,0
device,ee,1,42,187118,0
device,vf,0,7479,186547,448
device,vf,1,7479,442441,449
device,vf,1,15,315759,0
device,ee,0,45470,377938,0
device,ee,1,45470,526060,0
device,ee,1,47,197777,0
device,vf,0,8055,217307,404
device,vf,1,8055,371897,404
device,vf,1,13,217369,5
device,ee,0,45508,385156,0
device,ee,1,45508,528594,0
device,ee,1,32,213212,0
device,vf,0,7991,241403,388
device,vf,1,7991,334685,388
device,vf,1,13,195679,7
device,ee,0,45188,398888,0
device,ee,1,45188,557972,0
device,ee,1,42,264210,0
device,vf,0,7929,217957,440
device,vf,1,7929,2029055,447
device,vf,1,20,1841836,63
device,ee,0,44779,430681,0
device,ee,1,44779,716433,0
device,ee,1,37,392093,0
device,vf,0,7894,223530,366
device,vf,1,7894,621976,378
device,vf,1,15,501805,0
device,ee,0,44978,410276,0
device,ee,1,44978,572700,0
device,ee,1,43,177983,0
device,vf,0,7960,153178,494
device,vf,1,7960,236788,497
device,vf,1,10,114358,35
device,ee,0,44696,389744,0
device,ee,1,44696,532828,0
device,ee,1,35,149103,0
device,vf,0,7921,426181,492
device,vf,1,7921,693773,503
device,vf,1,14,412304,1
device,ee,0,43226,415984,0
device,ee,1,43226,586866,0
device,ee,1,34,204588,0
device,vf,0,7695,259409,527
device,vf,1,7695,547293,528
device,vf,1,18,386392,53
device,ee,0,42335,448107,0
device,ee,1,42335,567531,0
device,ee,1,38,196746,0
device,vf,0,7519,217949,416
device,vf,1,7519,360137,424
device,vf,1,16,169244,7
device,ee,0,43384,506170,0
device,ee,1,43384,797128,0
device,ee,1,48,385404,0
device,vf,0,7728,272976,360
device,vf,1,7728,710834,366
device,vf,1,19,525545,6
device,ee,0,42889,554041,0
device,ee,1,42889,908715,0
device,ee,1,88,479858,0
device,vf,0,7648,220064,500
device,vf,1,7648,457840,500
device,vf,1,24,329742,0
device,ee,0,43153,526581,0
device,ee,1,43153,751935,0
device,ee,1,84,374204,0
device,vf,0,7657,161645,480
device,vf,1,7657,323153,500
device,vf,1,14,227204,4
device,ee,0,42756,533912,0
device,ee,1,42756,853996,0
device,ee,1,70,530068,0
device,vf,0,7580,132490,397
device,vf,1,7580,155952,397
device,vf,1,7,44535,0
device,ee,0,42619,525501,0
device,ee,1,42619,775937,0
device,ee,1,80,498192,0
device,vf,0,7611,145487,476
device,vf,1,7611,209271,489
device,vf,1,15,113377,0
device,ee,0,43502,516790,0
device,ee,1,43502,725040,0
device,ee,1,76,380560,0
device,vf,0,7730,118824,499
device,vf,1,7730,122520,505
device,vf,1,12,34532,5
device,ee,0,45748,490818,0
device,ee,1,45748,699700,0
device,ee,1,66,380588,0
device,vf,0,8156,112654,489
device,vf,1,8156,168214,489
device,vf,1,9,61801,23
device,ee,0,47435,463871,0
device,ee,1,47435,676777,0
device,ee,1,46,374962,0
device,vf,0,8400,87052,524
device,vf,1,8400,87052,524
device,vf,1,2,6458,0
device,ee,0,46727,444963,0
device,ee,1,46727,625889,0
device,ee,1,53,304791,0
device,vf,0,8258,85366,430
device,vf,1,8258,85542,430
device,vf,1,8,18954,5
device,ee,0,51043,410895,0
device,ee,1,51043,636597,0
device,ee,1,62,305378,0
device,vf,0,9111,98643,479
device,vf,1,9111,105531,479
device,vf,1,8,32656,17
device,ee,0,58269,406399,0
device,ee,1,58269,570403,0
device,ee,1,53,220519,0
device,vf,0,10541,89043,528
device,vf,1,10541,91201,528
device,vf,1,6,13354,0
device,ee,0,58815,376927,0
device,ee,1,58815,521059,0
device,ee,1,29,238287,0
device,vf,0,10469,89691,426
device,vf,1,10469,94249,426
device,vf,1,4,27382,0
device,ee,0,60460,378598,0
device,ee,1,60460,507690,0
device,ee,1,39,270589,0
device,vf,0,10855,68523,389
device,vf,1,10855,68523,389
device,vf,1,3,8589,19
device,ee,0,60118,339778,0
device,ee,1,60118,471144,0
device,ee,1,31,152335,0
device,vf,0,10822,58104,374
device,vf,1,10822,58104,374
device,vf,1,1,1377,0
device,ee,0,58379,314345,0
device,ee,1,58379,396659,0
device,ee,1,29,112317,0
device,vf,0,10368,55592,325
device,vf,1,10368,55630,325
device,vf,1,4,4634,0
device,ee,0,55679,332153,0
device,ee,1,55679,446327,0
device,ee,1,30,168158,0
device,vf,0,9704,69220,270
device,vf,1,9704,81240,270
device,vf,1,4,27050,5
device,ee,0,51165,316899,0
device,ee,1,51165,416355,0
device,ee,1,28,137514,0
device,ee,0,48847,289457,0
device,ee,1,48847,451519,0
device,ee,1,25,206057,0
device,ee,0,47191,281339,0
device,ee,1,47191,415221,0
device,ee,1,23,171909,0
device,vf,0,8015,44823,180
device,vf,1,8015,44823,180
device,vf,1,1,2207,0
device,ee,0,47736,275010,0
device,ee,1,47736,395214,0
device,ee,1,20,211650,0
device,vf,0,8058,43220,188
device,vf,1,8058,43220,188
device,vf,1,1,1443,0
device,ee,0,48827,282659,0
device,ee,1,48827,349361,0
device,ee,1,26,163704,0
device,vf,0,8252,48732,185
device,vf,1,8252,48732,185
device,vf,1,1,4917,0
device,ee,0,47429,290961,0
device,ee,1,47429,377201,0
device,ee,1,25,199351,0
device,vf,0,7989,61731,167
device,vf,1,7989,62543,167
device,vf,1,4,14080,3
device,ee,0,45094,277860,0
device,ee,1,45094,383972,0
device,ee,1,25,156047,0
device,vf,0,7602,45638,143
device,vf,1,7602,45638,143
device,vf,1,1,3295,0
device,ee,0,45162,272348,0
device,ee,1,45162,362800,0
device,ee,1,21,186807,0
device,vf,0,7565,44177,150
device,vf,1,7565,44177,150
device,vf,1,1,3297,0
device,ee,0,45053,285949,0
device,ee,1,45053,425429,0
device,ee,1,19,174439,0
device,vf,0,7459,57367,142
device,vf,1,7459,57367,142
device,vf,1,1,14857,0
device,ee,0,44597,270441,0
device,ee,1,44597,416897,0
device,ee,1,20,154222,0
device,vf,0,7470,72160,152
device,vf,1,7470,64642,152
device,vf,1,2,22300,0
device,ee,0,44098,266756,0
device,ee,1,44098,387952,0
device,ee,1,22,109590,0
device,vf,0,7281,43505,139
device,vf,1,7281,43505,139
device,vf,1,1,2241,0
device,ee,0,43322,272642,0
device,ee,1,43322,400866,0
device,ee,1,23,162981,0
device,vf,0,7167,57475,166
device,vf,1,7167,57611,166
device,vf,1,2,13530,0
device,ee,0,44361,283109,0
device,ee,1,44361,438791,0
device,ee,1,23,148373,0
device,ee,0,46169,293679,0
device,ee,1,46169,421461,0
device,ee,1,23,197855,0
device,vf,0,7622,45666,204
device,vf,1,7622,45666,204
device,vf,1,1,875,0
device,ee,0,46296,289062,0
device,ee,1,46296,417714,0
device,ee,1,27,171045,0
device,vf,0,7576,55196,188
device,vf,1,7576,55196,188
device,vf,1,2,9512,0
device,ee,0,47595,282573,0
device,ee,1,47595,381807,0
device,ee,1,23,109093,0
device,ee,0,47777,268601,0
device,ee,1,47777,391297,0
device,ee,1,19,237907,0
device,vf,0,7804,49848,186
device,vf,1,7804,49848,186
device,vf,1,3,6191,0
device,ee,0,46140,299806,0
device,ee,1,46140,404356,0
device,ee,1,25,159291,0
device,vf,0,7547,47469,182
device,vf,1,7547,47469,182
device,vf,1,3,3495,0
device,ee,0,43598,274616,0
device,ee,1,43598,387846,0
device,ee,1,22,181136,0
device,ee,0,43822,290942,0
device,ee,1,43822,396094,0
device,ee,1,27,151055,0
device,vf,0,7279,54453,179
device,vf,1,7279,55283,179
device,vf,1,2,10634,0
device,ee,0,43827,290967,0
device,ee,1,43827,416891,0
device,ee,1,23,138729,0
device,vf,0,7284,56422,163
device,vf,1,7284,57202,163
device,vf,1,2,10864,0
device,ee,0,43173,266931,0
device,ee,1,43173,420705,0
device,ee,1,23,160969,0
device,vf,0,7074,63370,197
device,vf,1,7074,66006,197
device,vf,1,2,11236,0
device,ee,0,43574,272718,0
device,ee,1,43574,414282,0
device,ee,1,22,218178,0
device,vf,0,7149,69349,186
device,vf,1,7149,70385,186
device,vf,1,2,22656,0
device,ee,0,44494,286410,0
device,ee,1,44494,378568,0
device,ee,1,25,118987,0
device,vf,0,7303,55575,200
device,vf,1,7303,55575,200
device,vf,1,2,7890,0
device,ee,0,45100,273862,0
device,ee,1,45100,405400,0
device,ee,1,24,155672,0
device,vf,0,7324,46406,194
device,vf,1,7324,46406,194
device,vf,1,1,325,0
device,ee,0,47995,286413,0
device,ee,1,47995,393725,0
device,ee,1,22,163036,0
device,vf,0,7898,47356,201
device,vf,1,7898,47356,201
device,vf,1,1,307,0
device,ee,0,49567,302357,0
device,ee,1,49567,436269,0
device,ee,1,25,196909,0
device,vf,0,8307,46829,224
device,vf,1,8307,46829,224
device,vf,1,1,309,0
device,ee,0,47570,295044,0
device,ee,1,47570,425918,0
device,ee,1,29,176169,0
device,ee,0,46845,320139,0
device,ee,1,46845,440963,0
device,ee,1,32,218518,0
device,vf,0,7684,53322,237
device,vf,1,7684,53324,237
device,vf,1,2,5852,20
device,ee,0,46830,279636,0
device,ee,1,46830,390460,0
device,ee,1,23,155369,0
device,vf,0,7692,46650,218
device,vf,1,7692,46650,218
device,vf,1,1,725,0
device,ee,0,45866,280418,0
device,ee,1,45866,399018,0
device,ee,1,19,177113,0
device,ee,0,44897,273817,0
device,ee,1,44897,370171,0
device,ee,1,22,134280,0
device,vf,0,7362,46180,206
device,vf,1,7362,46180,206
device,vf,1,1,523,0
device,ee,0,46121,276821,0
device,ee,1,46121,398543,0
device,ee,1,21,177679,0
device,vf,0,7640,66396,182
device,vf,1,7640,69434,182
device,vf,1,3,22449,0
device,ee,0,43834,282560,0
device,ee,1,43834,389810,0
device,ee,1,27,191227,0
device,ee,0,43679,277471,0
device,ee,1,43679,360083,0
device,ee,1,28,129138,0
device,vf,0,7180,59588,209
device,vf,1,7180,65454,209
device,vf,1,2,14962,0
device,ee,0,46025,282045,0
device,ee,1,46025,421173,0
device,ee,1,25,176559,0
device,vf,0,7688,64106,223
device,vf,1,7688,64106,223
device,vf,1,2,14504,0
device,ee,0,48298,298806,0
device,ee,1,48298,413392,0
device,ee,1,22,163502,0
device,vf,0,8158,62440,264
device,vf,1,8158,65488,264
device,vf,1,2,16378,0
device,ee,0,49042,307548,0
device,ee,1,49042,416904,0
device,ee,1,25,164675,0
device,vf,0,8239,55251,269
device,vf,1,8239,55251,269
device,vf,1,2,2900,0
device,ee,0,47479,310369,0
device,ee,1,47479,424441,0
device,ee,1,28,197868,0
device,vf,0,8054,60590,282
device,vf,1,8054,60590,282
device,vf,1,4,9182,0
device,ee,0,47080,302614,0
device,ee,1,47080,397850,0
device,ee,1,25,143787,0
device,vf,0,7972,55904,252
device,vf,1,7972,55904,252
device,vf,1,2,4754,0
device,ee,0,46100,292318,0
device,ee,1,46100,399674,0
device,ee,1,28,167712,0
device,ee,0,46792,285742,0
device,ee,1,46792,419794,0
device,ee,1,26,228182,0
device,vf,0,7963,86653,250
device,vf,1,7963,87349,250
device,vf,1,2,32840,0
device,ee,0,46610,266866,0
device,ee,1,46610,341634,0
device,ee,1,24,159520,0
device,vf,0,7844,62522,221
device,vf,1,7844,63062,221
device,vf,1,2,14602,0
device,ee,0,46835,297727,0
device,ee,1,46835,420737,0
device,ee,1,18,174754,0
device,vf,0,7839,57053,280
device,vf,1,7839,59111,280
device,vf,1,2,8704,0
device,ee,0,47824,308172,0
device,ee,1,47824,461220,0
device,ee,1,28,220448,0
device,vf,0,8057,74537,262
device,vf,1,8057,78499,262
device,vf,1,1,33639,0
device,ee,0,48312,321588,0
device,ee,1,48312,453314,0
device,ee,1,28,228700,0
device,vf,0,8059,50757,254
device,vf,1,8059,50757,254
device,vf,1,1,581,0
device,ee,0,48076,303472,0
device,ee,1,48076,448598,0
device,ee,1,29,155239,0
device,vf,0,7964,70452,245
device,vf,1,7964,69606,245
device,vf,1,2,21078,0
device,ee,0,48830,296832,0
device,ee,1,48830,385062,0
device,ee,1,27,137897,0
device,vf,0,8124,68058,277
device,vf,1,8124,70734,277
device,vf,1,2,19250,0
device,ee,0,52464,320946,0
device,ee,1,52464,416200,0
device,ee,1,28,185540,0
device,vf,0,8896,94674,291
device,vf,1,8896,121620,291
device,vf,1,4,52800,0
device,ee,0,59369,328679,0
device,ee,1,59369,476517,0
device,ee,1,33,197741,0
device,vf,0,10616,85196,374
device,vf,1,10616,94098,374
device,vf,1,4,26484,0
device,ee,0,65751,364043,0
device,ee,1,65751,500575,0
device,ee,1,34,228810,0
device,vf,0,12308,125112,506
device,vf,1,12308,170760,506
device,vf,1,2,103588,0
device,ee,0,71671,330143,0
device,ee,1,71671,464437,0
device,ee,1,33,164353,0
device,vf,0,13899,126113,560
device,vf,1,13899,126113,560
device,vf,1,1,56671,0
device,ee,0,78320,357766,0
device,ee,1,78320,514864,0
device,ee,1,29,187649,0
device,vf,0,15759,69547,605
device,vf,1,15759,69547,605
device,vf,1,2,3630,26
device,ee,0,79885,342499,0
device,ee,1,79885,458001,0
device,ee,1,40,157418,0
device,vf,0,16091,88223,609
device,vf,1,16091,106561,609
device,vf,1,3,31917,0
device,ee,0,88252,328140,0
device,ee,1,88252,463574,0
device,ee,1,34,214938,0
device,vf,0,18492,102458,676
device,vf,1,18492,125530,676
device,vf,1,4,56286,0
device,ee,0,97099,339255,0
device,ee,1,97099,427939,0
device,ee,1,21,128977,0
device,vf,0,21176,83186,777
device,vf,1,21176,92122,777
device,vf,1,2,22456,0
device,ee,0,104966,344112,0
device,ee,1,104966,408860,0
device,ee,1,23,135387,0
device,vf,0,23734,98900,851
device,vf,1,23734,105934,851
device,vf,1,5,28437,0
device,ee,0,109396,341586,0
device,ee,1,109396,472622,0
device,ee,1,24,196684,0
device,vf,0,25209,104853,848
device,vf,1,25209,109219,848
device,vf,1,2,36082,0
device,ee,0,110978,344396,0
device,ee,1,110978,433682,0
device,ee,1,22,187188,0
device,ee,0,111093,343607,0
device,ee,1,111093,441095,0
device,ee,1,26,150680,0
device,vf,0,26231,75065,836
device,vf,1,26231,75253,836
device,vf,1,3,5931,0
device,ee,0,114729,364275,0
device,ee,1,114729,471965,0
device,ee,1,27,239825,0
device,vf,0,27571,89611,840
device,vf,1,27571,90499,840
device,vf,1,5,20147,0
device,ee,0,119791,328975,0
device,ee,1,119791,449565,0
device,ee,1,21,203513,0
device,vf,0,29443,85091,864
device,vf,1,29443,85741,864
device,vf,1,3,11521,0
device,ee,0,134255,350189,0
device,ee,1,134255,450931,0
device,ee,1,16,120552,0
device,ee,0,146894,360790,0
device,ee,1,146894,478510,0
device,ee,1,15,140617,0
device,ee,0,163675,371907,0
device,ee,1,163675,497421,0
device,ee,1,17,158333,0
device,ee,0,191279,407739,0
device,ee,1,191279,503287,0
device,ee,1,18,157608,0
device,ee,0,224355,439749,0
device,ee,1,224355,543775,0
device,ee,1,18,145452,0
device,ee,0,256500,465786,0
device,ee,1,256500,622996,0
device,ee,1,15,156167,0
device,ee,0,294909,501525,0
device,ee,1,294909,635351,0
device,ee,1,19,167359,0
device,ee,0,336090,541316,0
device,ee,1,336090,636392,0
device,ee,1,16,148266,0
device,ee,0,375926,578156,0
device,ee,1,375926,714590,0
device,ee,1,17,145257,0
device,ee,0,412907,607097,0
device,ee,1,412907,728655,0
device,ee,1,17,134699,0
device,ee,0,448963,629137,0
device,ee,1,448963,776751,0
device,ee,1,17,143881,0
device,ee,0,455642,637978,0
device,ee,1,455642,766866,0
device,ee,1,16,130816,0
device,ee,0,458216,636810,0
device,ee,1,458216,718618,0
device,ee,1,17,182935,0
device,ee,0,465510,658316,0
device,ee,1,465510,749308,0
device,ee,1,19,135763,0
device,vf,0,164094,216614,1821
device,vf,1,164094,216614,1821
device,vf,1,2,8092,0
device,ee,0,467530,643774,0
device,ee,1,467530,763836,0
device,ee,1,15,161883,0
device,ee,0,450739,616167,0
device,ee,1,450739,751633,0
device,ee,1,19,126849,0
device,vf,0,159960,195026,1739
device,vf,1,159960,195026,1739
device,vf,1,1,1183,0
device,ee,0,441626,608602,0
device,ee,1,441626,750952,0
device,ee,1,21,180351,0
device,ee,0,432740,599936,0
device,ee,1,432740,728816,0
device,ee,1,20,165108,0
device,ee,0,411918,579630,0
device,ee,1,411918,670786,0
device,ee,1,25,155313,0
device,ee,0,396240,565920,0
device,ee,1,396240,696990,0
device,ee,1,20,142874,0
device,ee,0,388206,550040,0
device,ee,1,388206,694156,0
device,ee,1,15,149403,0
device,ee,0,389858,565854,0
device,ee,1,389858,633266,0
device,ee,1,19,127161,0
device,ee,0,480289,647795,0
device,ee,1,480289,763207,0
device,ee,1,21,177301,0
device,ee,0,529958,705128,0
device,ee,1,529958,852262,0
device,ee,1,21,173161,0
device,vf,0,199628,248848,2570
device,vf,1,199628,248848,2570
device,vf,1,6,7206,0
device,ee,0,533881,713905,0
device,ee,1,533881,815509,0
device,ee,1,27,176569,0
device,vf,0,203660,271626,2399
device,vf,1,203660,310906,2399
device,vf,1,10,68188,0
device,ee,0,484492,659746,0
device,ee,1,484492,769992,0
device,ee,1,24,173574,0
device,vf,0,184459,277787,2181
device,vf,1,184459,407257,2181
device,vf,1,7,93809,0
device,ee,0,354172,535100,0
device,ee,1,354172,667924,0
device,ee,1,19,173629,0
device,vf,0,131472,220224,2095
device,vf,1,131472,342918,2095
device,vf,1,6,112752,0
device,ee,0,247648,428646,0
device,ee,1,247648,569480,0
device,ee,1,25,175571,0
device,vf,0,88447,174363,1789
device,vf,1,88447,306059,1789
device,vf,1,4,77884,0
device,ee,0,190616,372226,0
device,ee,1,190616,505438,0
device,ee,1,22,139100,0
device,vf,0,65907,151391,1520
device,vf,1,65907,277837,1520
device,vf,1,4,93842,0
device,ee,0,120599,291441,0
device,ee,1,120599,460195,0
device,ee,1,18,173950,0
device,vf,0,39309,87649,1325
device,vf,1,39309,90503,1325
device,vf,1,4,26612,0
device,ee,0,82060,257906,0
device,ee,1,82060,409786,0
device,ee,1,17,162299,0
device,vf,0,25307,76339,922
device,vf,1,25307,78707,922
device,vf,1,3,27637,0
device,ee,0,64294,240530,0
device,ee,1,64294,365422,0
device,ee,1,20,203296,0
device,vf,0,18817,73765,612
device,vf,1,18817,66525,612
device,vf,1,1,21931,0
device,ee,0,53186,225902,0
device,ee,1,53186,340540,0
device,ee,1,23,137937,0
device,vf,0,14615,68611,553
device,vf,1,14615,78185,553
device,vf,1,1,34675,0
device,ee,0,39608,212304,0
device,ee,1,39608,326976,0
device,ee,1,25,160435,0
device,vf,0,9462,39790,413
device,vf,1,9462,43670,413
device,vf,1,2,9630,0
device,ee,0,29285,198071,0
device,ee,1,29285,354779,0
device,ee,1,18,244778,0
device,vf,0,6196,34030,212
device,vf,1,6196,34030,212
device,vf,1,1,4763,0
device,ee,0,25893,200755,0
device,ee,1,25893,325327,0
device,ee,1,16,201090,0
device,ee,0,21989,189599,0
device,ee,1,21989,266339,0
device,ee,1,19,182559,0
device,ee,0,20512,189324,0
device,ee,1,20512,281714,0
device,ee,1,17,149593,0
device,ee,0,21136,190766,0
device,ee,1,21136,316622,0
device,ee,1,19,123111,0
device,ee,0,21271,188821,0
device,ee,1,21271,289801,0
device,ee,1,16,169118,0
device,ee,0,18616,188290,0
device,ee,1,18616,319422,0
device,ee,1,17,207327,0
device,vf,0,3809,28693,154
device,vf,1,3809,28693,154
device,vf,1,1,2779,0
device,ee,0,17309,187483,0
device,ee,1,17309,320803,0
device,ee,1,20,149228,0
device,vf,0,3474,30646,124
device,vf,1,3474,30646,124
device,vf,1,1,4819,0
device,ee,0,16400,182740,0
device,ee,1,16400,319026,0
device,ee,1,16,146558,0
device,ee,0,15836,183406,0
device,ee,1,15836,338414,0
device,ee,1,17,129123,0
device,ee,0,15698,176438,0
device,ee,1,15698,317488,0
device,ee,1,19,189119,0
device,ee,0,15414,181568,0
device,ee,1,15414,297516,0
device,ee,1,17,159663,0
device,vf,0,2983,25553,107
device,vf,1,2983,25553,107
device,vf,1,1,451,0
device,ee,0,15203,180841,0
device,ee,1,15203,287091,0
device,ee,1,16,157012,0
device,vf,0,2887,25449,97
device,vf,1,2887,25449,97
device,vf,1,1,571,0
device,ee,0,15275,179249,0
device,ee,1,15275,278941,0
device,ee,1,14,142670,0
device,ee,0,15403,181079,0
device,ee,1,15403,288865,0
device,ee,1,14,231996,0
device,ee,0,15333,181659,0
device,ee,1,15333,274359,0
device,ee,1,14,139380,0
device,vf,0,2985,26365,109
device,vf,1,2985,26365,109
device,vf,1,1,1385,0
device,ee,0,14962,183472,0
device,ee,1,14962,314026,0
device,ee,1,14,188950,0
device,ee,0,14645,186179,0
device,ee,1,14645,287191,0
device,ee,1,19,226915,0
device,ee,0,14178,181196,0
device,ee,1,14178,318532,0
device,ee,1,15,166023,0
device,ee,0,13711,181153,0
device,ee,1,13711,287403,0
device,ee,1,16,160608,0
device,ee,0,13619,182409,0
device,ee,1,13619,313077,0
device,ee,1,18,202822,0
device,vf,0,2797,29115,89
device,vf,1,2797,29115,89
device,vf,1,1,3807,0
device,ee,0,13543,180347,0
device,ee,1,13543,296771,0
device,ee,1,14,106514,0
device,vf,0,2795,26893,89
device,vf,1,2795,26913,89
device,vf,1,2,1310,0
device,ee,0,13479,178991,0
device,ee,1,13479,302445,0
device,ee,1,15,136415,0
device,vf,0,2779,31367,91
device,vf,1,2779,31367,91
device,vf,1,2,5984,0
device,ee,0,13503,179445,0
device,ee,1,13503,272533,0
device,ee,1,16,173794,0
device,vf,0,2784,34886,88
device,vf,1,2784,34886,88
device,vf,1,3,9761,0
device,ee,0,13476,180942,0
device,ee,1,13476,332302,0
device,ee,1,16,116412,0
device,ee,0,13532,177798,0
device,ee,1,13532,295936,0
device,ee,1,15,188117,0
device,ee,0,13535,181177,0
device,ee,1,13535,326723,0
device,ee,1,15,153687,0
device,ee,0,13482,180502,0
device,ee,1,13482,338194,0
device,ee,1,16,157420,0
device,ee,0,13435,179757,0
device,ee,1,13435,315825,0
device,ee,1,16,139678,0
device,ee,0,13409,180271,0
device,ee,1,13409,284463,0
device,ee,1,15,213765,0
device,ee,0,13383,178785,0
device,ee,1,13383,319639,0
device,ee,1,15,177907,0
device,ee,0,13357,177965,0
device,ee,1,13357,303737,0
device,ee,1,16,177914,0
device,vf,0,2769,30095,93
device,vf,1,2769,30095,93
device,vf,1,2,5222,0
device,ee,0,13412,186078,0
device,ee,1,13412,319526,0
device,ee,1,17,214043,0
device,vf,0,2774,26574,93
device,vf,1,2774,26574,93
device,vf,1,1,1383,0
device,ee,0,13402,181730,0
device,ee,1,13402,338414,0
device,ee,1,14,118976,0
device,ee,0,13410,178054,0
device,ee,1,13410,312508,0
device,ee,1,14,184254,0
device,ee,0,13389,181099,0
device,ee,1,13389,371341,0
device,ee,1,16,190780,0
device,ee,0,13371,181865,0
device,ee,1,13371,334841,0
device,ee,1,17,167413,0
device,vf,0,2771,29803,92
device,vf,1,2771,29803,92
device,vf,1,1,4681,0
device,ee,0,13368,182664,0
device,ee,1,13368,275144,0
device,ee,1,15,145811,0
device,vf,0,2770,26222,93
device,vf,1,2770,26222,93
device,vf,1,1,1053,0
device,ee,0,13408,207092,0
device,ee,1,13408,316440,0
device,ee,1,13,144891,0
device,ee,0,13413,183909,0
device,ee,1,13413,291501,0
device,ee,1,17,195153,0
device,ee,0,13371,180195,0
device,ee,1,13371,282879,0
device,ee,1,14,137176,0
device,vf,0,2769,26947,97
device,vf,1,2769,26947,97
device,vf,1,1,1653,0
device,ee,0,13367,180331,0
device,ee,1,13367,311599,0
device,ee,1,16,179924,0
device,ee,0,13362,180152,0
device,ee,1,13362,311660,0
device,ee,1,15,125995,0
device,ee,0,13351,182103,0
device,ee,1,13351,342899,0
device,ee,1,14,173622,0
device,vf,0,2771,27785,96
device,vf,1,2771,27785,96
device,vf,1,1,2309,0
device,ee,0,13340,171722,0
device,ee,1,13340,304944,0
device,ee,1,13,113597,0
device,ee,0,13347,170935,0
device,ee,1,13347,286553,0
device,ee,1,14,126350,0
device,vf,0,2770,26238,96
device,vf,1,2770,26238,96
device,vf,1,1,493,0
device,ee,0,13339,175769,0
device,ee,1,13339,317089,0
device,ee,1,18,181744,0
device,vf,0,2768,26336,95
device,vf,1,2768,26336,95
device,vf,1,1,521,0
device,ee,0,13342,179190,0
device,ee,1,13342,293156,0
device,ee,1,17,131085,0
device,vf,0,2768,26996,96
device,vf,1,2768,26996,96
device,vf,1,1,1131,0
device,ee,0,13344,180628,0
device,ee,1,13344,298564,0
device,ee,1,15,208117,0
device,vf,0,2769,28223,96
device,vf,1,2769,28223,96
device,vf,1,1,2299,0
device,ee,0,13336,179178,0
device,ee,1,13336,304252,0
device,ee,1,14,179224,0
device,ee,0,13363,181799,0
device,ee,1,13363,288511,0
device,ee,1,18,174676,0
device,vf,0,2776,30298,96
device,vf,1,2776,30298,96
device,vf,1,2,4402,0
device,ee,0,13367,179619,0
device,ee,1,13367,263737,0
device,ee,1,13,155319,0
device,vf,0,2775,28473,97
device,vf,1,2775,28473,97
device,vf,1,2,2244,0
device,ee,0,13364,180336,0
device,ee,1,13364,319882,0
device,ee,1,14,134960,0
device,vf,0,2770,27568,97
device,vf,1,2770,27568,97
device,vf,1,1,1209,0
device,ee,0,13350,183370,0
device,ee,1,13350,329168,0
device,ee,1,16,192514,0
device,vf,0,2776,30722,97
device,vf,1,2776,30722,97
device,vf,1,2,4354,0
device,ee,0,13352,183450,0
device,ee,1,13352,345014,0
device,ee,1,16,190788,0
device,vf,0,2776,29326,96
device,vf,1,2776,29326,96
device,vf,1,1,2737,0
device,ee,0,13347,183929,0
device,ee,1,13347,285627,0
device,ee,1,16,187116,0
device,ee,0,13345,179855,0
device,ee,1,13345,343169,0
device,ee,1,14,142064,0
device,vf,0,2769,31959,96
device,vf,1,2769,31959,96
device,vf,1,1,5663,0
device,ee,0,13351,181533,0
device,ee,1,13351,284771,0
device,ee,1,16,147000,0
device,ee,0,13367,180787,0
device,ee,1,13367,339641,0
device,ee,1,15,197391,0
device,vf,0,2772,29106,97
device,vf,1,2772,29106,97
device,vf,1,1,2529,0
device,ee,0,13328,191184,0
device,ee,1,13328,294544,0
device,ee,1,16,182470,0
device,vf,0,2758,33346,96
device,vf,1,2758,33204,96
device,vf,1,1,7129,0
device,ee,0,13331,184921,0
device,ee,1,13331,323843,0
device,ee,1,20,185928,0
device,vf,0,2760,32282,95
device,vf,1,2760,32282,95
device,vf,1,1,5359,0
device,ee,0,13318,179738,0
device,ee,1,13318,285108,0
device,ee,1,14,154464,0
device,ee,0,13332,179724,0
device,ee,1,13332,301678,0
device,ee,1,15,139077,0
device,vf,0,2756,32924,94
device,vf,1,2756,32924,94
device,vf,1,2,6856,0
device,ee,0,13321,182237,0
device,ee,1,13321,319499,0
device,ee,1,16,184738,0
device,vf,0,2756,27212,94
device,vf,1,2756,27212,94
device,vf,1,1,927,0
device,ee,0,13350,179100,0
device,ee,1,13350,300128,0
device,ee,1,16,178638,0
device,vf,0,2761,28881,95
device,vf,1,2761,28881,95
device,vf,1,1,2871,0
device,ee,0,13353,184635,0
device,ee,1,13353,287165,0
device,ee,1,14,182108,0
device,ee,0,13354,181466,0
device,ee,1,13354,340242,0
device,ee,1,16,148946,0
device,vf,0,2762,26968,103
device,vf,1,2762,26968,103
device,vf,1,1,855,0
device,ee,0,13353,182615,0
device,ee,1,13353,305903,0
device,ee,1,16,174116,0
device,vf,0,2763,31355,103
device,vf,1,2763,31355,103
device,vf,1,2,5520,0
device,ee,0,13344,181134,0
device,ee,1,13344,248624,0
device,ee,1,14,144252,0
device,vf,0,2763,28365,103
device,vf,1,2763,28365,103
device,vf,1,1,2063,0
device,ee,0,13354,180228,0
device,ee,1,13354,332132,0
device,ee,1,14,192612,0
device,ee,0,13330,179956,0
device,ee,1,13330,308558,0
device,ee,1,13,159617,0
device,ee,0,13353,180609,0
device,ee,1,13353,345849,0
device,ee,1,14,190116,0
device,vf,0,10713,69547,14
device,vf,1,10713,69547,14
device,vf,1,1,4063,0
device,ee,0,27746,97532,0
device,ee,1,27746,97532,0
device,ee,1,1,1649,0
device,vf,0,10695,68085,14
device,vf,1,10695,68085,14
device,vf,1,1,2491,0
device,ee,0,27796,97716,0
device,ee,1,27796,97716,0
device,ee,1,1,987,0
device,ee,0,27605,104123,0
device,ee,1,27605,104765,0
device,ee,1,3,8443,0
device,ee,0,27633,97057,0
device,ee,1,27633,97057,0
device,ee,1,1,821,0
device,ee,0,27674,96826,0
device,ee,1,27674,96826,0
device,ee,1,1,595,0
device,ee,0,27689,99103,0
device,ee,1,27689,99103,0
device,ee,1,1,2695,0
device,ee,0,27751,100239,0
device,ee,1,27751,100239,0
device,ee,1,1,3639,0
device,ee,0,27769,99347,0
device,ee,1,27769,99347,0
device,ee,1,2,2658,0
device,ee,0,27746,98758,0
device,ee,1,27746,98758,0
device,ee,1,1,1803,0
device,vf,0,10663,70555,18
device,vf,1,10663,70555,18
device,vf,1,1,4389,0
device,ee,0,27653,99275,0
device,ee,1,27653,99275,0
device,ee,1,1,2507,0
