repeat,scene,mode,space,dataset,mode_name,case,type,queries,prep_ms,broad_ms,narrow_ms_s0,query_narrow_ms,fp,fn,broad_fp,broad_fn,narrow_ms_s1,toi_n,toi_late,toi_max_late,toi_max_early,toi_med_early
1,cloth-funnel,0,host,cloth-funnel,scalar,103ee,ee,27918,4.17939,0.775176,0.196857,0.092797,0,0,27915,0,0.193434,3,0,0,0.22914,0.0743881
1,cloth-funnel,0,host,cloth-funnel,scalar,160vf,vf,10362,6.41561,0.371508,0.098109,0.073181,0,0,10361,0,0.112189,1,0,0,0.112357,0.112357
1,cloth-funnel,0,host,cloth-funnel,scalar,197vf,vf,8427,1.31932,0.339861,0.111069,0.098621,0,0,8425,0,0.118108,2,0,0,0.0801008,0.0801008
1,cloth-funnel,0,host,cloth-funnel,scalar,229ee,ee,34560,1.31138,1.42799,0.26188,1.61816,14,0,34545,0,0.49992,1,0,0,0.0221311,0.0221311
1,cloth-funnel,0,host,cloth-funnel,scalar,249ee,ee,33438,1.28319,1.32338,0.258456,1.60075,13,0,33419,0,0.469874,6,0,0,0.941332,0.0439713
1,cloth-funnel,0,host,cloth-funnel,scalar,270ee,ee,37307,1.30614,1.37234,0.295031,1.82503,13,0,37290,0,0.591854,4,0,0,0.737092,0.0338201
1,cloth-funnel,0,host,cloth-funnel,scalar,292ee,ee,39567,1.28169,1.37106,0.334806,2.88865,16,0,39539,0,0.611661,12,0,0,0.0791928,0.00337756
1,cloth-funnel,0,host,cloth-funnel,scalar,310ee,ee,45188,1.2646,1.42376,0.378868,3.93012,15,0,45146,0,0.683755,27,0,0,0.0494066,0.0011352
1,cloth-funnel,0,host,cloth-funnel,scalar,328ee,ee,60460,1.26934,1.66356,0.462962,3.50072,14,0,60421,0,0.873125,24,0,0,0.117539,0.0010423
1,cloth-funnel,0,host,cloth-funnel,scalar,348ee,ee,47777,1.25778,1.53698,0.405364,2.18048,14,0,47758,0,0.729033,4,0,0,0.476119,0.045406
1,cloth-funnel,0,host,cloth-funnel,scalar,368ee,ee,48298,1.2589,1.64356,0.391443,2.20086,14,0,48276,0,0.669836,7,0,0,0.0174048,0.00353009
1,cloth-funnel,0,host,cloth-funnel,scalar,386vf,vf,18492,1.23052,0.435987,0.294934,0.193882,1,0,18488,0,3.11782,3,0,0,0.0139028,0.00124053
1,cloth-funnel,0,host,cloth-funnel,scalar,414ee,ee,388206,2.34991,5.40287,2.23929,2.08061,13,0,388191,0,2.66299,2,0,0,0.118337,0.118337
1,cloth-funnel,0,host,cloth-funnel,scalar,436ee,ee,16400,1.29689,1.37932,0.166714,2.11613,13,0,16384,0,0.425107,3,0,0,0.102749,0.0860198
1,cloth-funnel,0,host,cloth-funnel,scalar,463ee,ee,13389,1.27986,1.21926,0.133212,2.10762,13,0,13373,0,0.436946,3,0,0,0.0314989,0.0178301
1,cloth-funnel,0,host,cloth-funnel,scalar,485ee,ee,13351,1.29615,1.19769,0.1271,2.29442,14,0,13335,0,0.442866,2,0,0,0.0256818,0.0256818
1,cloth-funnel,0,device,cloth-funnel,scalar,103ee,ee,27918,3.00327,1.67435,0.892933,0.871621,0,0,27915,0,1.09337,3,0,0,0.317751,0.108219
1,cloth-funnel,0,device,cloth-funnel,scalar,160vf,vf,10362,1.76231,0.660971,0.937731,0.881092,0,0,10361,0,1.02928,1,0,0,0.124686,0.124686
1,cloth-funnel,0,device,cloth-funnel,scalar,197vf,vf,8427,1.43643,0.326742,0.920291,1.06928,0,0,8425,0,0.889444,2,0,0,0.113434,0.113434
1,cloth-funnel,0,device,cloth-funnel,scalar,229ee,ee,34560,1.24953,0.635628,1.11856,3.13459,14,0,34545,0,3.54677,1,0,0,0.0232733,0.0232733
1,cloth-funnel,0,device,cloth-funnel,scalar,249ee,ee,33438,1.72056,0.608621,1.22495,3.24537,13,0,33419,0,3.98493,6,0,0,0.956735,0.159603
1,cloth-funnel,0,device,cloth-funnel,scalar,270ee,ee,37307,1.29916,0.61918,1.01888,3.45957,13,0,37290,0,3.81303,4,0,0,0.74073,0.14093
1,cloth-funnel,0,device,cloth-funnel,scalar,292ee,ee,39567,1.29826,0.549391,1.1216,4.79172,16,0,39539,0,5.05075,12,0,0,0.116211,0.0031568
1,cloth-funnel,0,device,cloth-funnel,scalar,310ee,ee,45188,1.33628,0.51304,1.13478,4.4014,15,0,45146,0,4.93319,27,0,0,0.0652402,0.0031636
1,cloth-funnel,0,device,cloth-funnel,scalar,328ee,ee,60460,1.4302,0.495889,1.12905,4.40412,15,0,60421,0,4.60738,24,0,0,0.160368,0.00163386
1,cloth-funnel,0,device,cloth-funnel,scalar,348ee,ee,47777,1.75972,0.505841,1.03337,3.6692,15,0,47758,0,4.16387,4,0,0,0.477882,0.130671
1,cloth-funnel,0,device,cloth-funnel,scalar,368ee,ee,48298,1.29958,0.455473,1.02787,3.42677,15,0,48276,0,4.01085,7,0,0,0.11684,0.0041474
1,cloth-funnel,0,device,cloth-funnel,scalar,386vf,vf,18492,1.32287,0.224345,1.05235,0.974465,1,0,18488,0,1.0984,3,0,0,0.0130091,0.0038765
1,cloth-funnel,0,device,cloth-funnel,scalar,414ee,ee,388206,1.25507,1.37359,2.17075,3.86701,13,0,388191,0,6.34659,2,0,0,0.0863092,0.0863092
1,cloth-funnel,0,device,cloth-funnel,scalar,436ee,ee,16400,1.44037,2.58981,2.60133,3.8066,13,0,16384,0,3.96333,3,0,0,0.186031,0.140271
1,cloth-funnel,0,device,cloth-funnel,scalar,463ee,ee,13389,1.31609,3.07971,2.86471,3.95357,13,0,13373,0,4.03709,3,0,0,0.108719,0.0708843
1,cloth-funnel,0,device,cloth-funnel,scalar,485ee,ee,13351,1.30367,3.08845,2.89597,3.62981,14,0,13335,0,4.09517,2,0,0,0.112281,0.112281
1,cloth-funnel,2,host,cloth-funnel,ti-exact,103ee,ee,27918,3.1432,0.778856,0.199194,0.179259,0,0,27915,0,0.195514,3,0,0,0.0018329,0.000776686
1,cloth-funnel,2,host,cloth-funnel,ti-exact,160vf,vf,10362,3.13913,0.366452,0.11446,0.062398,0,0,10361,0,0.114396,1,0,0,0.000884871,0.000884871
1,cloth-funnel,2,host,cloth-funnel,ti-exact,197vf,vf,8427,1.28895,0.38162,0.122908,0.098717,0,0,8425,0,0.120956,2,0,0,0.000836181,0.000836181
1,cloth-funnel,2,host,cloth-funnel,ti-exact,229ee,ee,34560,1.27471,1.39781,0.362101,0.664971,13,0,34545,0,0.640812,1,0,0,0.00130063,0.00130063
1,cloth-funnel,2,host,cloth-funnel,ti-exact,249ee,ee,33438,1.28134,1.2518,0.246456,1.05386,13,0,33419,0,0.637325,6,0,0,0.0199673,0.000813161
1,cloth-funnel,2,host,cloth-funnel,ti-exact,270ee,ee,37307,1.24934,1.38034,0.291447,1.24617,13,0,37290,0,0.923779,4,0,0,0.0820382,0.000863729
1,cloth-funnel,2,host,cloth-funnel,ti-exact,292ee,ee,39567,1.21433,1.32684,0.451474,3.77047,13,0,39539,0,1.87188,12,0,0,0.00655857,5.30539e-05
1,cloth-funnel,2,host,cloth-funnel,ti-exact,310ee,ee,45188,1.27983,1.39036,0.397107,3.4604,13,0,45146,0,0.941859,27,0,0,0.0010051,4.53395e-05
1,cloth-funnel,2,host,cloth-funnel,ti-exact,328ee,ee,60460,1.24588,1.6228,0.353365,2.59045,13,0,60421,0,0.990689,24,0,0,0.00240896,1.64221e-05
1,cloth-funnel,2,host,cloth-funnel,ti-exact,348ee,ee,47777,1.25199,1.49518,0.363477,1.18089,13,0,47758,0,0.601837,4,0,0,0.0328138,0.000375149
1,cloth-funnel,2,host,cloth-funnel,ti-exact,368ee,ee,48298,1.26914,1.52962,0.425043,1.17811,13,0,48276,0,0.638252,7,0,0,0.000580099,4.11125e-05
1,cloth-funnel,2,host,cloth-funnel,ti-exact,386vf,vf,18492,1.28543,0.417171,1.63585,1.78954,0,0,18488,0,1.60517,3,0,0,0.000151746,2.36754e-05
1,cloth-funnel,2,host,cloth-funnel,ti-exact,414ee,ee,388206,1.22079,5.48761,1.47938,0.696554,13,0,388191,0,1.749,2,0,0,0.000689295,0.000689295
1,cloth-funnel,2,host,cloth-funnel,ti-exact,436ee,ee,16400,1.25759,1.32681,0.284055,0.938563,13,0,16384,0,0.403924,3,0,0,0.0017541,0.0017173
1,cloth-funnel,2,host,cloth-funnel,ti-exact,463ee,ee,13389,1.29209,1.20687,0.163771,0.856869,13,0,13373,0,0.422738,3,0,0,0.000815905,0.00069472
1,cloth-funnel,2,host,cloth-funnel,ti-exact,485ee,ee,13351,1.35442,1.17856,0.257432,0.870661,13,0,13335,0,0.450513,2,0,0,0.000370666,0.000370666
1,cloth-funnel,2,device,cloth-funnel,ti-exact,103ee,ee,27918,3.08339,1.6754,2.19584,34.4282,0,0,27915,0,27.2319,3,0,0,0.0580277,0.0286884
1,cloth-funnel,2,device,cloth-funnel,ti-exact,160vf,vf,10362,1.77636,0.719497,0.981666,0.950882,0,0,10361,0,0.992705,1,0,0,0.000884871,0.000884871
1,cloth-funnel,2,device,cloth-funnel,ti-exact,197vf,vf,8427,1.43624,0.333141,0.991393,0.97181,0,0,8425,0,0.96141,2,0,0,0.000836181,0.000836181
1,cloth-funnel,2,device,cloth-funnel,ti-exact,229ee,ee,34560,1.24137,0.56059,2.75803,11.8339,14,0,34545,0,486.805,1,0,0,0.0232733,0.0232733
1,cloth-funnel,2,device,cloth-funnel,ti-exact,249ee,ee,33438,1.3701,0.608205,2.00887,31.3894,13,0,33419,0,42.4777,6,0,0,0.956735,0.0401198
1,cloth-funnel,2,device,cloth-funnel,ti-exact,270ee,ee,37307,1.29535,0.550447,2.35042,31.5338,13,0,37290,0,37.0616,4,0,0,0.74073,0.0438325
1,cloth-funnel,2,device,cloth-funnel,ti-exact,292ee,ee,39567,1.35727,0.533775,1.95786,29.5556,14,0,39539,0,36.5076,12,0,0,0.0266849,0.000186747
1,cloth-funnel,2,device,cloth-funnel,ti-exact,310ee,ee,45188,1.28818,0.514896,2.01795,38.4869,14,0,45146,0,35.5442,27,0,0,0.0237319,0.000203091
1,cloth-funnel,2,device,cloth-funnel,ti-exact,328ee,ee,60460,1.30575,0.467281,1.93194,25.2317,14,0,60421,0,33.6851,24,0,0,0.0942058,3.74037e-05
1,cloth-funnel,2,device,cloth-funnel,ti-exact,348ee,ee,47777,1.32844,0.732873,1.95207,39.2913,13,0,47758,0,35.181,4,0,0,0.477882,0.0194181
1,cloth-funnel,2,device,cloth-funnel,ti-exact,368ee,ee,48298,1.31874,0.459154,1.91674,35.0206,13,0,48276,0,38.0372,7,0,0,0.0355739,0.000414953
1,cloth-funnel,2,device,cloth-funnel,ti-exact,386vf,vf,18492,1.2941,0.216825,1.82695,5.14429,0,0,18488,0,5.22784,3,0,0,0.000151746,2.36754e-05
1,cloth-funnel,2,device,cloth-funnel,ti-exact,414ee,ee,388206,1.2439,1.38345,3.16009,44.1544,13,0,388191,0,53.763,2,0,0,0.0919369,0.0919369
1,cloth-funnel,2,device,cloth-funnel,ti-exact,436ee,ee,16400,1.32437,2.7267,3.37625,36.1927,13,0,16384,0,38.3047,3,0,0,0.214401,0.0940025
1,cloth-funnel,2,device,cloth-funnel,ti-exact,463ee,ee,13389,1.34431,3.16624,4.05882,37.6722,13,0,13373,0,34.7234,3,0,0,0.204552,0.0694194
1,cloth-funnel,2,device,cloth-funnel,ti-exact,485ee,ee,13351,1.30857,2.75617,3.53349,27.0023,14,0,13335,0,34.819,2,0,0,0.0845992,0.0845992
1,armadillo-rollers,0,host,armadillo-rollers,scalar,100ee,ee,225426,3.44546,1.34895,1.30546,6.43666,0,0,225361,0,1.52914,65,0,0,0.000644673,1.12556e-05
1,armadillo-rollers,0,host,armadillo-rollers,scalar,123ee,ee,127329,1.71963,2.68817,0.885605,4.77825,0,0,127311,0,1.5148,17,0,0,0.00336111,5.3587e-05
1,armadillo-rollers,0,host,armadillo-rollers,scalar,147vf,vf,15362,3.32377,0.583502,0.217497,0.627181,0,0,15355,0,0.911044,6,0,0,0.000671471,0.000247118
1,armadillo-rollers,0,host,armadillo-rollers,scalar,170ee,ee,50547,1.81338,1.90269,0.463282,2.18169,0,0,50515,0,1.00493,32,0,0,0.00067631,2.67107e-06
1,armadillo-rollers,0,host,armadillo-rollers,scalar,193ee,ee,60836,1.76807,1.7619,0.587022,3.48805,0,0,60793,0,1.83223,43,0,0,0.000638615,3.92741e-05
1,armadillo-rollers,0,host,armadillo-rollers,scalar,215vf,vf,17849,1.82234,0.702283,0.517295,0.524592,0,0,17843,0,1.78778,6,0,0,0.000567248,7.5449e-05
1,armadillo-rollers,0,host,armadillo-rollers,scalar,237vf,vf,28293,2.26252,0.819974,0.533712,0.581422,0,0,28287,0,0.899364,6,0,0,0.000159074,8.13614e-05
1,armadillo-rollers,0,host,armadillo-rollers,scalar,25ee,ee,163744,1.76945,1.42476,1.04989,3.64414,0,0,163707,0,1.86388,37,0,0,0.00547714,4.20547e-05
1,armadillo-rollers,0,host,armadillo-rollers,scalar,281vf,vf,62420,1.8433,1.27564,0.65854,31.1489,1,0,61973,0,11.9015,444,0,0,0.0388948,0.000150692
1,armadillo-rollers,0,host,armadillo-rollers,scalar,304ee,ee,171016,1.75642,2.25324,1.50658,12.7479,1,0,170836,0,3.57147,178,0,0,0.0416361,0.000238988
1,armadillo-rollers,0,host,armadillo-rollers,scalar,326vf,vf,2032004,1.78334,9.91969,8.1312,56.5325,0,0,2027352,0,29.3399,4650,0,0,0.00202894,4.09865e-06
1,armadillo-rollers,0,host,armadillo-rollers,scalar,348vf,vf,15552,1.78714,0.607757,0.240761,1.1375,0,0,15544,0,0.703658,8,0,0,0.00151556,0.000403972
1,armadillo-rollers,0,host,armadillo-rollers,scalar,370ee,ee,123265,1.84878,1.6947,0.83511,3.27619,0,0,123203,0,1.25449,62,0,0,0.00046511,3.00005e-05
1,armadillo-rollers,0,host,armadillo-rollers,scalar,392vf,vf,18693,1.74862,0.604429,0.269239,4.09037,0,0,18664,0,3.20835,29,0,0,0.00226804,2.84644e-05
1,armadillo-rollers,0,host,armadillo-rollers,scalar,55ee,ee,67430,1.7562,1.99683,0.488593,2.57227,0,0,67378,0,0.964482,52,0,0,0.000148704,1.116e-05
1,armadillo-rollers,0,host,armadillo-rollers,scalar,77vf,vf,25385,1.78465,0.666571,0.26524,0.184282,1,0,25383,0,0.597837,1,0,0,8.76024e-05,8.76024e-05
1,armadillo-rollers,0,device,armadillo-rollers,scalar,100ee,ee,225426,2.9554,1.03782,1.52731,3.88426,0,0,225361,0,5.66392,65,0,0,0.00209604,1.48866e-05
1,armadillo-rollers,0,device,armadillo-rollers,scalar,123ee,ee,127329,1.48575,1.13837,1.69393,9.48252,0,0,127311,0,6.96132,17,0,0,0.00821756,0.000105482
1,armadillo-rollers,0,device,armadillo-rollers,scalar,147vf,vf,15362,1.4316,0.5124,1.35701,1.11113,1,0,15355,0,1.29778,6,0,0,0.0011532,0.000342448
1,armadillo-rollers,0,device,armadillo-rollers,scalar,170ee,ee,50547,1.47547,1.64507,2.22383,1.92391,0,0,50515,0,2.42508,32,0,0,0.00232487,2.63258e-05
1,armadillo-rollers,0,device,armadillo-rollers,scalar,193ee,ee,60836,1.87658,1.03408,1.60129,2.64177,0,0,60793,0,3.97872,43,0,0,0.00211634,9.43217e-05
1,armadillo-rollers,0,device,armadillo-rollers,scalar,215vf,vf,17849,1.45452,0.682891,2.24636,1.20377,0,0,17843,0,3.42316,6,0,0,0.000549421,0.000170189
1,armadillo-rollers,0,device,armadillo-rollers,scalar,237vf,vf,28293,1.55512,0.602446,1.55685,1.20201,0,0,28287,0,1.72321,6,0,0,0.000263611,0.000134737
1,armadillo-rollers,0,device,armadillo-rollers,scalar,25ee,ee,163744,2.77166,1.05661,1.51979,3.81243,0,0,163707,0,5.93252,37,0,0,0.00732639,7.97408e-05
1,armadillo-rollers,0,device,armadillo-rollers,scalar,281vf,vf,62420,1.52232,0.686443,2.66897,24.9101,2,0,61973,0,51.8664,444,0,0,0.0461441,0.000314772
1,armadillo-rollers,0,device,armadillo-rollers,scalar,304ee,ee,171016,1.43551,1.69499,2.4588,16.4715,1,0,170836,0,19.5729,178,0,0,0.0739624,0.000476553
1,armadillo-rollers,0,device,armadillo-rollers,scalar,326vf,vf,2032004,1.55736,1.40386,3.40789,32.1159,1,0,2027352,0,97.0694,4650,0,0,0.00339756,7.31385e-06
1,armadillo-rollers,0,device,armadillo-rollers,scalar,348vf,vf,15552,1.72913,0.558543,1.70254,2.25327,0,0,15544,0,3.14774,8,0,0,0.00193493,0.000556043
1,armadillo-rollers,0,device,armadillo-rollers,scalar,370ee,ee,123265,1.48245,1.31516,1.86778,2.40466,0,0,123203,0,4.80635,62,0,0,0.000662574,3.55072e-05
1,armadillo-rollers,0,device,armadillo-rollers,scalar,392vf,vf,18693,1.52984,0.408851,1.49877,6.10983,0,0,18664,0,6.09856,29,0,0,0.00253053,4.72728e-05
1,armadillo-rollers,0,device,armadillo-rollers,scalar,55ee,ee,67430,1.52139,1.4805,2.19868,1.50523,0,0,67378,0,1.94749,52,0,0,0.000491294,1.27703e-05
1,armadillo-rollers,0,device,armadillo-rollers,scalar,77vf,vf,25385,1.52434,0.483185,1.33055,1.01917,1,0,25383,0,1.24499,1,0,0,0.000177373,0.000177373
1,armadillo-rollers,2,host,armadillo-rollers,ti-exact,100ee,ee,225426,3.34054,1.35474,0.907204,6.287,0,0,225361,0,2.97216,65,0,0,0.000110117,1.15441e-06
1,armadillo-rollers,2,host,armadillo-rollers,ti-exact,123ee,ee,127329,1.80554,2.72667,1.33452,3.70446,0,0,127311,0,1.58654,17,0,0,0.000402561,8.65221e-06
1,armadillo-rollers,2,host,armadillo-rollers,ti-exact,147vf,vf,15362,3.35042,0.602285,0.419571,0.45557,0,0,15355,0,1.09865,6,0,0,1.85334e-05,5.68224e-06
1,armadillo-rollers,2,host,armadillo-rollers,ti-exact,170ee,ee,50547,1.72724,1.86401,0.657451,2.8857,0,0,50515,0,1.62145,32,0,0,5.35471e-05,4.81925e-07
1,armadillo-rollers,2,host,armadillo-rollers,ti-exact,193ee,ee,60836,1.73588,1.79534,0.448562,4.9817,0,0,60793,0,2.52808,43,0,0,8.33211e-05,4.1757e-06
1,armadillo-rollers,2,host,armadillo-rollers,ti-exact,215vf,vf,17849,1.79422,0.669227,0.772616,0.545487,0,0,17843,0,2.26809,6,0,0,1.50726e-05,7.4631e-06
1,armadillo-rollers,2,host,armadillo-rollers,ti-exact,237vf,vf,28293,1.72455,0.843302,0.533071,0.661547,0,0,28287,0,1.19263,6,0,0,1.13563e-05,7.22157e-06
1,armadillo-rollers,2,host,armadillo-rollers,ti-exact,25ee,ee,163744,1.8027,1.4212,0.816455,4.20537,0,0,163707,0,1.95207,37,0,0,0.000105145,2.26707e-06
1,armadillo-rollers,2,host,armadillo-rollers,ti-exact,281vf,vf,62420,1.82353,1.27414,2.13542,42.0314,0,0,61973,0,19.211,444,0,0,0.00169614,1.29778e-05
1,armadillo-rollers,2,host,armadillo-rollers,ti-exact,304ee,ee,171016,1.76615,2.2582,1.36393,43.1974,0,0,170836,0,4.29718,178,0,0,0.00108899,1.26773e-05
1,armadillo-rollers,2,host,armadillo-rollers,ti-exact,326vf,vf,2032004,1.70267,9.76021,5.68174,41.5769,0,0,2027352,0,29.7985,4650,0,0,0.000309233,3.35585e-07
1,armadillo-rollers,2,host,armadillo-rollers,ti-exact,348vf,vf,15552,1.82602,0.530799,0.732553,1.39525,0,0,15544,0,0.748521,8,0,0,8.12098e-05,1.83191e-05
1,armadillo-rollers,2,host,armadillo-rollers,ti-exact,370ee,ee,123265,1.78942,1.58542,0.621549,4.30131,0,0,123203,0,1.83316,62,0,0,1.33985e-05,1.41297e-06
1,armadillo-rollers,2,host,armadillo-rollers,ti-exact,392vf,vf,18693,1.73044,0.60878,0.200154,3.42783,0,0,18664,0,2.7586,29,0,0,0.000113012,1.84318e-06
1,armadillo-rollers,2,host,armadillo-rollers,ti-exact,55ee,ee,67430,1.76929,2.02794,0.498224,3.13142,0,0,67378,0,2.73995,52,0,0,2.01897e-05,6.85377e-07
1,armadillo-rollers,2,host,armadillo-rollers,ti-exact,77vf,vf,25385,1.74842,0.651884,0.269751,0.164763,1,0,25383,0,0.72529,1,0,0,1.61012e-06,1.61012e-06
1,armadillo-rollers,2,device,armadillo-rollers,ti-exact,100ee,ee,225426,2.74193,1.0441,3.47951,27.254,0,0,225361,0,142.501,65,0,0,7.38774e-05,1.31037e-06
1,armadillo-rollers,2,device,armadillo-rollers,ti-exact,123ee,ee,127329,1.79438,1.01773,4.58702,8.51173,0,0,127311,0,144.306,17,0,0,0.000196567,4.83751e-06
1,armadillo-rollers,2,device,armadillo-rollers,ti-exact,147vf,vf,15362,1.5644,0.560399,1.58245,1.18393,0,0,15355,0,2.50712,6,0,0,1.85334e-05,5.68224e-06
1,armadillo-rollers,2,device,armadillo-rollers,ti-exact,170ee,ee,50547,1.41602,1.64046,5.81003,20.9039,0,0,50515,0,573.555,32,0,0,3.25663e-05,9.58763e-07
1,armadillo-rollers,2,device,armadillo-rollers,ti-exact,193ee,ee,60836,1.92445,1.05722,4.72139,7.51769,0,0,60793,0,266.853,43,0,0,3.75447e-05,2.86682e-06
1,armadillo-rollers,2,device,armadillo-rollers,ti-exact,215vf,vf,17849,2.23372,0.740809,3.07008,2.02391,0,0,17843,0,10.1823,6,0,0,1.50726e-05,7.4631e-06
1,armadillo-rollers,2,device,armadillo-rollers,ti-exact,237vf,vf,28293,1.5516,0.594893,1.70955,1.13513,0,0,28287,0,4.85834,6,0,0,1.13563e-05,7.22157e-06
1,armadillo-rollers,2,device,armadillo-rollers,ti-exact,25ee,ee,163744,1.43474,1.05392,2.77169,13.8102,0,0,163707,0,22.5178,37,0,0,0.000452282,1.71247e-06
1,armadillo-rollers,2,device,armadillo-rollers,ti-exact,281vf,vf,62420,1.51627,0.696522,2.6772,30.9349,0,0,61973,0,29.8966,444,0,0,0.00169614,1.305e-05
1,armadillo-rollers,2,device,armadillo-rollers,ti-exact,304ee,ee,171016,1.43791,1.70996,8.1489,78.3597,0,0,170836,0,1762.15,178,0,0,0.0139422,1.13522e-05
1,armadillo-rollers,2,device,armadillo-rollers,ti-exact,326vf,vf,2032004,1.59816,1.39993,3.36946,45.4498,0,0,2027352,0,59.4115,4650,0,0,0.000184994,3.17774e-07
1,armadillo-rollers,2,device,armadillo-rollers,ti-exact,348vf,vf,15552,1.70254,0.520208,1.66324,2.24595,0,0,15544,0,2.72644,8,0,0,8.12098e-05,1.83191e-05
1,armadillo-rollers,2,device,armadillo-rollers,ti-exact,370ee,ee,123265,1.48898,1.33324,4.30802,14.2706,0,0,123203,0,56.4722,62,0,0,1.7498e-05,1.13634e-06
1,armadillo-rollers,2,device,armadillo-rollers,ti-exact,392vf,vf,18693,1.48328,0.400979,2.04982,4.37001,0,0,18664,0,5.0105,29,0,0,0.000113012,1.84318e-06
1,armadillo-rollers,2,device,armadillo-rollers,ti-exact,55ee,ee,67430,1.49026,1.79009,4.27283,5.16022,0,0,67378,0,41.66,52,0,0,1.06529e-05,7.6869e-07
1,armadillo-rollers,2,device,armadillo-rollers,ti-exact,77vf,vf,25385,1.48875,0.466513,1.65352,1.03312,1,0,25383,0,2.05155,1,0,0,1.61012e-06,1.61012e-06
1,cloth-ball,0,host,cloth-ball,scalar,22ee,ee,93162,6.87815,2.54446,0.714697,0.072445,0,0,93161,0,0.804615,1,0,0,1.68532e-07,1.68532e-07
1,cloth-ball,0,host,cloth-ball,scalar,50ee,ee,204121,6.44063,4.25632,1.35663,0.119292,0,0,204120,0,1.42139,1,0,0,3.60181e-07,3.60181e-07
1,cloth-ball,0,host,cloth-ball,scalar,58ee,ee,677743,6.45465,6.06999,4.11206,5.74846,0,0,677562,0,4.92094,181,0,0,3.01173e-06,3.54221e-07
1,cloth-ball,0,host,cloth-ball,scalar,60vf,vf,360239,6.34687,4.23472,2.17555,6.38959,0,0,360036,0,2.79444,203,0,0,4.86347e-06,4.08358e-07
1,cloth-ball,0,host,cloth-ball,scalar,63ee,ee,2949103,5.93159,12.8795,15.7007,15.2892,0,0,2941276,0,28.8233,7827,0,0,2.03661e-05,3.88206e-07
1,cloth-ball,0,host,cloth-ball,scalar,65vf,vf,1572147,5.80699,6.63893,7.37891,9.05274,0,0,1568962,0,13.9557,3185,0,0,3.94606e-05,3.26039e-07
1,cloth-ball,0,host,cloth-ball,scalar,68ee,ee,6476896,5.56271,36.1315,34.2529,29.6313,0,0,6456635,0,63.1514,20261,0,0,5.7944e-05,3.68308e-07
1,cloth-ball,0,host,cloth-ball,scalar,70vf,vf,2494148,8.29286,12.3632,11.3859,8.82085,0,0,2490582,0,17.6446,3565,0,0,1.46219e-05,2.91651e-07
1,cloth-ball,0,host,cloth-ball,scalar,73ee,ee,4482728,5.48706,39.4391,25.1891,22.2756,0,0,4463939,0,47.2553,18789,0,0,0.000128736,3.13096e-07
1,cloth-ball,0,host,cloth-ball,scalar,75vf,vf,1144734,5.53778,14.9839,6.12154,8.87793,0,0,1142424,0,12.0444,2310,0,0,2.26058e-05,3.00196e-07
1,cloth-ball,0,host,cloth-ball,scalar,78ee,ee,2864389,5.68171,31.1545,17.2446,23.815,0,0,2851808,0,29.1035,12581,0,0,6.7833e-05,2.7778e-07
1,cloth-ball,0,host,cloth-ball,scalar,80vf,vf,935635,5.72875,17.8978,5.15821,4.3917,0,0,933489,0,7.97601,2146,0,0,8.79892e-06,2.52018e-07
1,cloth-ball,0,host,cloth-ball,scalar,83ee,ee,2987261,5.87585,32.412,17.49,10.2365,0,0,2982068,0,24.0042,5193,0,0,7.23426e-05,3.43724e-07
1,cloth-ball,0,host,cloth-ball,scalar,85vf,vf,1041160,6.05831,18.6521,5.73851,5.1361,0,0,1040460,0,7.04205,700,0,0,9.72061e-06,4.01329e-07
1,cloth-ball,0,host,cloth-ball,scalar,88ee,ee,3705732,5.76996,34.8824,22.7691,10.1382,0,0,3692966,0,33.6617,12766,0,0,0.000102475,2.11579e-07
1,cloth-ball,0,host,cloth-ball,scalar,90vf,vf,1340531,5.95684,16.7252,7.45967,8.25254,0,0,1334816,0,13.8864,5715,0,0,2.37597e-05,1.67815e-07
1,cloth-ball,0,device,cloth-ball,scalar,22ee,ee,93162,4.91796,1.65662,1.25602,0.970242,0,0,93161,0,1.57806,1,0,0,6.08824e-07,6.08824e-07
1,cloth-ball,0,device,cloth-ball,scalar,50ee,ee,204121,4.74228,2.18368,2.28742,1.13875,0,0,204120,0,2.43436,1,0,0,7.75592e-07,7.75592e-07
1,cloth-ball,0,device,cloth-ball,scalar,58ee,ee,677743,4.54203,2.87124,4.1832,7.27654,0,0,677562,0,12.7385,181,0,0,1.16238e-05,1.37361e-06
1,cloth-ball,0,device,cloth-ball,scalar,60vf,vf,360239,3.81099,0.932547,1.54965,11.7525,0,0,360036,0,16.6693,203,0,0,1.17767e-05,1.18484e-06
1,cloth-ball,0,device,cloth-ball,scalar,63ee,ee,2949103,4.80222,2.9889,7.57183,25.3109,0,0,2941276,0,79.139,7827,0,0,5.58698e-05,1.30258e-06
1,cloth-ball,0,device,cloth-ball,scalar,65vf,vf,1572147,4.37628,1.50715,4.34738,24.3796,0,0,1568962,0,42.3295,3185,0,0,8.11138e-05,1.05411e-06
1,cloth-ball,0,device,cloth-ball,scalar,68ee,ee,6476896,4.65749,5.30831,18.0691,67.6093,0,0,6456635,0,143.025,20261,0,0,9.88166e-05,1.31299e-06
1,cloth-ball,0,device,cloth-ball,scalar,70vf,vf,2494148,4.52428,2.73342,4.89553,26.8775,0,0,2490582,0,40.4983,3565,0,0,4.64965e-05,1.05449e-06
1,cloth-ball,0,device,cloth-ball,scalar,73ee,ee,4482728,3.92241,5.26662,18.5199,31.6981,0,0,4463939,0,56.3885,18789,0,0,0.000254485,1.23372e-06
1,cloth-ball,0,device,cloth-ball,scalar,75vf,vf,1144734,4.40751,2.5499,2.81812,22.3565,0,0,1142424,0,30.9248,2310,0,0,9.80645e-05,1.1791e-06
1,cloth-ball,0,device,cloth-ball,scalar,78ee,ee,2864389,3.89505,6.57781,7.44588,21.6431,0,0,2851808,0,38.8682,12581,0,0,0.000209018,1.2211e-06
1,cloth-ball,0,device,cloth-ball,scalar,80vf,vf,935635,5.32543,2.43861,2.94308,13.5649,0,0,933489,0,20.0331,2146,0,0,2.40321e-05,1.01994e-06
1,cloth-ball,0,device,cloth-ball,scalar,83ee,ee,2987261,3.82964,7.19363,8.12691,21.686,0,0,2982068,0,37.6022,5193,0,0,0.000186642,1.51531e-06
1,cloth-ball,0,device,cloth-ball,scalar,85vf,vf,1041160,4.9738,2.89649,3.33756,11.289,0,0,1040460,0,19.4832,700,0,0,2.59659e-05,1.66257e-06
1,cloth-ball,0,device,cloth-ball,scalar,88ee,ee,3705732,3.75819,9.02714,14.8521,23.6359,0,0,3692966,0,42.7792,12766,0,0,0.000258966,9.70136e-07
1,cloth-ball,0,device,cloth-ball,scalar,90vf,vf,1340531,4.38169,3.38409,4.24313,20.5335,0,0,1334816,0,33.2093,5715,0,0,6.14548e-05,7.94382e-07
1,cloth-ball,2,host,cloth-ball,ti-exact,22ee,ee,93162,6.86846,2.50459,0.506032,0.08339,0,0,93161,0,0.512048,1,0,0,1.53307e-07,1.53307e-07
1,cloth-ball,2,host,cloth-ball,ti-exact,50ee,ee,204121,6.23273,4.17613,0.862533,0.14678,0,0,204120,0,0.945602,1,0,0,2.09448e-07,2.09448e-07
1,cloth-ball,2,host,cloth-ball,ti-exact,58ee,ee,677743,6.34982,6.15482,2.63304,16.9154,0,0,677562,0,4.15843,181,0,0,2.70035e-06,3.5091e-07
1,cloth-ball,2,host,cloth-ball,ti-exact,60vf,vf,360239,6.40678,4.21244,1.43768,9.8156,0,0,360036,0,2.07472,203,0,0,2.39565e-06,2.88344e-07
1,cloth-ball,2,host,cloth-ball,ti-exact,63ee,ee,2949103,5.84004,12.7784,9.7683,34.9612,0,0,2941276,0,24.1895,7827,0,0,1.07755e-05,3.30351e-07
1,cloth-ball,2,host,cloth-ball,ti-exact,65vf,vf,1572147,5.81019,6.72475,4.78587,14.1472,0,0,1568962,0,10.8451,3185,0,0,1.42209e-05,2.73003e-07
1,cloth-ball,2,host,cloth-ball,ti-exact,68ee,ee,6476896,5.58254,36.2026,20.9556,43.8005,0,0,6456635,0,51.7611,20261,0,0,2.31303e-05,3.18002e-07
1,cloth-ball,2,host,cloth-ball,ti-exact,70vf,vf,2494148,5.60939,12.3892,7.35491,12.7628,0,0,2490582,0,12.7293,3565,0,0,1.34795e-05,2.67299e-07
1,cloth-ball,2,host,cloth-ball,ti-exact,73ee,ee,4482728,5.54936,39.0361,15.4549,27.9055,0,0,4463939,0,38.779,18789,0,0,3.01405e-05,2.8631e-07
1,cloth-ball,2,host,cloth-ball,ti-exact,75vf,vf,1144734,5.61307,15.3538,3.84455,12.5554,0,0,1142424,0,8.59551,2310,0,0,3.31131e-05,2.70562e-07
1,cloth-ball,2,host,cloth-ball,ti-exact,78ee,ee,2864389,5.67573,31.2717,10.5794,16.4731,0,0,2851808,0,22.4217,12581,0,0,4.70147e-05,2.71893e-07
1,cloth-ball,2,host,cloth-ball,ti-exact,80vf,vf,935635,5.70584,17.4642,3.30166,6.63007,0,0,933489,0,5.69339,2146,0,0,4.79818e-06,2.38319e-07
1,cloth-ball,2,host,cloth-ball,ti-exact,83ee,ee,2987261,5.89633,32.5924,11.0357,17.3336,0,0,2982068,0,17.9233,5193,0,0,2.66115e-05,3.3254e-07
1,cloth-ball,2,host,cloth-ball,ti-exact,85vf,vf,1041160,5.86935,18.5578,3.56088,6.76648,0,0,1040460,0,4.78113,700,0,0,5.81867e-06,3.85447e-07
1,cloth-ball,2,host,cloth-ball,ti-exact,88ee,ee,3705732,5.82635,34.9813,14.0791,15.7383,0,0,3692966,0,25.1335,12766,0,0,3.00133e-05,2.44129e-07
1,cloth-ball,2,host,cloth-ball,ti-exact,90vf,vf,1340531,5.95402,16.7367,4.76075,8.59592,0,0,1334816,0,10.4317,5715,0,0,2.20605e-05,2.18863e-07
1,cloth-ball,2,device,cloth-ball,ti-exact,22ee,ee,93162,5.05066,1.68059,1.26723,1.11216,0,0,93161,0,1.59752,1,0,0,9.37027e-08,9.37027e-08
1,cloth-ball,2,device,cloth-ball,ti-exact,50ee,ee,204121,4.71857,2.18425,4.77569,1.19308,0,0,204120,0,2.66635,1,0,0,9.02387e-08,9.02387e-08
1,cloth-ball,2,device,cloth-ball,ti-exact,58ee,ee,677743,4.42601,2.83697,4.25852,24.3652,0,0,677562,0,17.6386,181,0,0,2.70035e-06,1.54528e-07
1,cloth-ball,2,device,cloth-ball,ti-exact,60vf,vf,360239,3.81959,0.896932,1.81297,4.39426,0,0,360036,0,6.24297,203,0,0,1.44198e-06,1.12372e-07
1,cloth-ball,2,device,cloth-ball,ti-exact,63ee,ee,2949103,4.11037,2.97527,9.07962,62.5391,0,0,2941276,0,142.698,7827,0,0,1.04852e-05,1.71898e-07
1,cloth-ball,2,device,cloth-ball,ti-exact,65vf,vf,1572147,4.47417,1.51122,4.22492,38.2466,0,0,1568962,0,43.6986,3185,0,0,6.8104e-06,1.02485e-07
1,cloth-ball,2,device,cloth-ball,ti-exact,68ee,ee,6476896,3.89975,5.24486,21.9641,72.882,0,0,6456635,0,209.912,20261,0,0,1.73123e-05,1.59601e-07
1,cloth-ball,2,device,cloth-ball,ti-exact,70vf,vf,2494148,4.54299,2.75319,3.8699,33.5588,0,0,2490582,0,51.7311,3565,0,0,4.47919e-06,9.83965e-08
1,cloth-ball,2,device,cloth-ball,ti-exact,73ee,ee,4482728,3.89629,5.29628,19.9403,68.5879,0,0,4463939,0,94.5557,18789,0,0,2.33776e-05,1.37244e-07
1,cloth-ball,2,device,cloth-ball,ti-exact,75vf,vf,1144734,4.54072,2.56805,3.18406,32.3559,0,0,1142424,0,33.3035,2310,0,0,1.07018e-05,9.96511e-08
1,cloth-ball,2,device,cloth-ball,ti-exact,78ee,ee,2864389,3.82542,6.05197,8.09332,54.146,0,0,2851808,0,73.4638,12581,0,0,4.70147e-05,1.24222e-07
1,cloth-ball,2,device,cloth-ball,ti-exact,80vf,vf,935635,5.61061,2.72513,3.20233,8.21814,0,0,933489,0,12.9999,2146,0,0,2.17779e-06,8.65258e-08
1,cloth-ball,2,device,cloth-ball,ti-exact,83ee,ee,2987261,3.83876,6.54197,8.80661,53.9538,0,0,2982068,0,69.6959,5193,0,0,2.5342e-05,1.68034e-07
1,cloth-ball,2,device,cloth-ball,ti-exact,85vf,vf,1041160,4.76881,2.76846,3.55029,8.00605,0,0,1040460,0,12.636,700,0,0,2.1831e-06,1.45715e-07
1,cloth-ball,2,device,cloth-ball,ti-exact,88ee,ee,3705732,3.58843,8.76609,16.2659,59.2384,0,0,3692966,0,78.9709,12766,0,0,0.000250664,9.12121e-08
1,cloth-ball,2,device,cloth-ball,ti-exact,90vf,vf,1340531,4.46428,3.32063,4.32412,33.56,0,0,1334816,0,44.4627,5715,0,0,8.35142e-06,6.53562e-08
2,cloth-funnel,0,host,cloth-funnel,scalar,103ee,ee,27918,3.10973,0.767816,0.184571,0.084093,0,0,27915,0,0.192154,3,0,0,0.22914,0.0743881
2,cloth-funnel,0,host,cloth-funnel,scalar,160vf,vf,10362,3.18233,0.36034,0.097597,0.061118,0,0,10361,0,0.112604,1,0,0,0.112357,0.112357
2,cloth-funnel,0,host,cloth-funnel,scalar,197vf,vf,8427,1.30441,0.383572,0.112476,0.103388,0,0,8425,0,0.116893,2,0,0,0.0801008,0.0801008
2,cloth-funnel,0,host,cloth-funnel,scalar,229ee,ee,34560,1.28671,1.42181,0.264727,1.51234,14,0,34545,0,0.503185,1,0,0,0.0221311,0.0221311
2,cloth-funnel,0,host,cloth-funnel,scalar,249ee,ee,33438,1.27522,1.25138,0.2566,1.6012,13,0,33419,0,0.496881,6,0,0,0.941332,0.0439713
2,cloth-funnel,0,host,cloth-funnel,scalar,270ee,ee,37307,1.25308,1.34226,0.293527,1.83287,13,0,37290,0,0.539567,4,0,0,0.737092,0.0338201
2,cloth-funnel,0,host,cloth-funnel,scalar,292ee,ee,39567,1.26083,1.31913,0.374261,3.39689,16,0,39539,0,0.600365,12,0,0,0.0791928,0.00337756
2,cloth-funnel,0,host,cloth-funnel,scalar,310ee,ee,45188,1.22489,1.41426,0.37634,3.88161,15,0,45146,0,0.752009,27,0,0,0.0494066,0.0011352
2,cloth-funnel,0,host,cloth-funnel,scalar,328ee,ee,60460,1.28102,1.60357,0.51112,3.47704,14,0,60421,0,0.874437,24,0,0,0.117539,0.0010423
2,cloth-funnel,0,host,cloth-funnel,scalar,348ee,ee,47777,1.25855,1.459,0.434642,2.15648,14,0,47758,0,0.675019,4,0,0,0.476119,0.045406
2,cloth-funnel,0,host,cloth-funnel,scalar,368ee,ee,48298,1.21203,1.56526,0.387956,2.1751,14,0,48276,0,0.640876,7,0,0,0.0174048,0.00353009
2,cloth-funnel,0,host,cloth-funnel,scalar,386vf,vf,18492,1.23449,0.443858,0.221433,0.185498,1,0,18488,0,0.237497,3,0,0,0.0139028,0.00124053
2,cloth-funnel,0,host,cloth-funnel,scalar,414ee,ee,388206,1.26121,5.32419,2.27622,1.94391,13,0,388191,0,2.59358,2,0,0,0.118337,0.118337
2,cloth-funnel,0,host,cloth-funnel,scalar,436ee,ee,16400,1.30703,1.34655,2.04419,2.06198,13,0,16384,0,0.383796,3,0,0,0.102749,0.0860198
2,cloth-funnel,0,host,cloth-funnel,scalar,463ee,ee,13389,1.31087,1.22236,0.134332,2.08678,13,0,13373,0,0.441906,3,0,0,0.0314989,0.0178301
2,cloth-funnel,0,host,cloth-funnel,scalar,485ee,ee,13351,1.31494,1.15504,0.132987,2.28009,14,0,13335,0,0.445779,2,0,0,0.0256818,0.0256818
2,cloth-funnel,0,device,cloth-funnel,scalar,103ee,ee,27918,3.13613,1.67176,0.937762,0.91162,0,0,27915,0,1.09821,3,0,0,0.317751,0.108219
2,cloth-funnel,0,device,cloth-funnel,scalar,160vf,vf,10362,1.77905,0.730889,1.07949,1.056,0,0,10361,0,0.913924,1,0,0,0.124686,0.124686
2,cloth-funnel,0,device,cloth-funnel,scalar,197vf,vf,8427,1.47186,0.358421,1.00134,0.894756,0,0,8425,0,0.884581,2,0,0,0.113434,0.113434
2,cloth-funnel,0,device,cloth-funnel,scalar,229ee,ee,34560,1.27196,0.614477,1.09696,3.1,14,0,34545,0,3.27779,1,0,0,0.0232733,0.0232733
2,cloth-funnel,0,device,cloth-funnel,scalar,249ee,ee,33438,1.72007,0.598701,1.04307,3.23689,13,0,33419,0,4.00269,6,0,0,0.956735,0.159603
2,cloth-funnel,0,device,cloth-funnel,scalar,270ee,ee,37307,1.29225,0.608077,1.10813,3.37535,13,0,37290,0,3.62536,4,0,0,0.74073,0.14093
2,cloth-funnel,0,device,cloth-funnel,scalar,292ee,ee,39567,1.31769,0.615437,1.08157,4.7843,16,0,39539,0,5.1513,12,0,0,0.106412,0.0031568
2,cloth-funnel,0,device,cloth-funnel,scalar,310ee,ee,45188,1.30665,0.595725,1.11773,4.34431,15,0,45146,0,4.81591,27,0,0,0.0652402,0.0031636
2,cloth-funnel,0,device,cloth-funnel,scalar,328ee,ee,60460,1.69368,0.501392,1.14969,4.36422,15,0,60421,0,4.68123,24,0,0,0.160368,0.00163386
2,cloth-funnel,0,device,cloth-funnel,scalar,348ee,ee,47777,1.37324,0.470833,1.03402,3.56168,15,0,47758,0,4.00375,4,0,0,0.477882,0.130671
2,cloth-funnel,0,device,cloth-funnel,scalar,368ee,ee,48298,1.28735,0.508976,1.09078,3.43666,15,0,48276,0,3.94618,7,0,0,0.11684,0.0041474
2,cloth-funnel,0,device,cloth-funnel,scalar,386vf,vf,18492,1.26054,0.224057,0.998529,0.980354,1,0,18488,0,1.128,3,0,0,0.0130091,0.0038765
2,cloth-funnel,0,device,cloth-funnel,scalar,414ee,ee,388206,1.28095,1.35356,1.99629,3.83777,13,0,388191,0,6.54085,2,0,0,0.0863092,0.0863092
2,cloth-funnel,0,device,cloth-funnel,scalar,436ee,ee,16400,1.42642,2.64433,2.43461,3.82628,13,0,16384,0,4.11584,3,0,0,0.186031,0.140271
2,cloth-funnel,0,device,cloth-funnel,scalar,463ee,ee,13389,1.37919,3.09136,2.92944,3.9361,13,0,13373,0,4.03645,3,0,0,0.108719,0.0708843
2,cloth-funnel,0,device,cloth-funnel,scalar,485ee,ee,13351,1.319,3.1127,2.96026,3.61573,14,0,13335,0,4.04343,2,0,0,0.112281,0.112281
2,cloth-funnel,2,host,cloth-funnel,ti-exact,103ee,ee,27918,3.07776,0.765928,0.195322,0.161275,0,0,27915,0,0.197018,3,0,0,0.0018329,0.000776686
2,cloth-funnel,2,host,cloth-funnel,ti-exact,160vf,vf,10362,3.13145,0.362485,0.114844,0.063199,0,0,10361,0,0.115837,1,0,0,0.000884871,0.000884871
2,cloth-funnel,2,host,cloth-funnel,ti-exact,197vf,vf,8427,1.32383,0.334581,0.115581,0.097181,0,0,8425,0,0.1167,2,0,0,0.000836181,0.000836181
2,cloth-funnel,2,host,cloth-funnel,ti-exact,229ee,ee,34560,1.30057,1.46872,0.356373,0.665612,13,0,34545,0,0.632397,1,0,0,0.00130063,0.00130063
2,cloth-funnel,2,host,cloth-funnel,ti-exact,249ee,ee,33438,1.24323,1.28294,0.241369,1.05091,13,0,33419,0,0.632716,6,0,0,0.0199673,0.000813161
2,cloth-funnel,2,host,cloth-funnel,ti-exact,270ee,ee,37307,1.23497,1.35945,0.347605,1.24271,13,0,37290,0,0.910052,4,0,0,0.0820382,0.000863729
2,cloth-funnel,2,host,cloth-funnel,ti-exact,292ee,ee,39567,1.26361,1.38607,0.45381,3.83246,13,0,39539,0,1.87959,12,0,0,0.00655857,5.30539e-05
2,cloth-funnel,2,host,cloth-funnel,ti-exact,310ee,ee,45188,1.24422,1.40943,0.362069,3.47512,13,0,45146,0,0.917572,27,0,0,0.0010051,4.53395e-05
2,cloth-funnel,2,host,cloth-funnel,ti-exact,328ee,ee,60460,1.25052,1.67108,0.352085,2.59598,13,0,60421,0,0.995393,24,0,0,0.00240896,1.64221e-05
2,cloth-funnel,2,host,cloth-funnel,ti-exact,348ee,ee,47777,1.27465,1.48671,0.361493,1.25747,13,0,47758,0,0.595277,4,0,0,0.0328138,0.000375149
2,cloth-funnel,2,host,cloth-funnel,ti-exact,368ee,ee,48298,1.22047,1.51666,0.446674,1.15644,13,0,48276,0,0.563598,7,0,0,0.000580099,4.11125e-05
2,cloth-funnel,2,host,cloth-funnel,ti-exact,386vf,vf,18492,1.25295,0.426866,1.61768,1.77675,0,0,18488,0,1.65252,3,0,0,0.000151746,2.36754e-05
2,cloth-funnel,2,host,cloth-funnel,ti-exact,414ee,ee,388206,1.2286,5.3071,1.55512,0.70465,13,0,388191,0,1.63413,2,0,0,0.000689295,0.000689295
2,cloth-funnel,2,host,cloth-funnel,ti-exact,436ee,ee,16400,1.25459,1.35701,0.241305,0.944899,13,0,16384,0,0.404659,3,0,0,0.0017541,0.0017173
2,cloth-funnel,2,host,cloth-funnel,ti-exact,463ee,ee,13389,1.33698,3.19142,0.160667,0.861829,13,0,13373,0,0.441426,3,0,0,0.000815905,0.00069472
2,cloth-funnel,2,host,cloth-funnel,ti-exact,485ee,ee,13351,1.31634,1.22217,0.269847,0.788232,13,0,13335,0,0.446579,2,0,0,0.000370666,0.000370666
2,cloth-funnel,2,device,cloth-funnel,ti-exact,103ee,ee,27918,3.00224,1.67611,2.28268,26.4335,0,0,27915,0,30.3963,3,0,0,0.0580277,0.0286884
2,cloth-funnel,2,device,cloth-funnel,ti-exact,160vf,vf,10362,1.78842,0.6371,0.995073,0.989121,0,0,10361,0,0.98845,1,0,0,0.000884871,0.000884871
2,cloth-funnel,2,device,cloth-funnel,ti-exact,197vf,vf,8427,1.41573,0.324182,1.01882,0.980865,0,0,8425,0,0.972993,2,0,0,0.000836181,0.000836181
2,cloth-funnel,2,device,cloth-funnel,ti-exact,229ee,ee,34560,1.30281,0.630861,2.8385,9.6684,14,0,34545,0,340.068,1,0,0,0.0232733,0.0232733
2,cloth-funnel,2,device,cloth-funnel,ti-exact,249ee,ee,33438,1.37362,0.620365,2.02864,32.2722,13,0,33419,0,41.9064,6,0,0,0.956735,0.0403639
2,cloth-funnel,2,device,cloth-funnel,ti-exact,270ee,ee,37307,1.31366,0.548175,1.81742,31.5599,13,0,37290,0,34.3972,4,0,0,0.74073,0.0438325
2,cloth-funnel,2,device,cloth-funnel,ti-exact,292ee,ee,39567,1.26892,0.588653,2.20368,31.0495,14,0,39539,0,37.0878,12,0,0,0.0266849,0.000186747
2,cloth-funnel,2,device,cloth-funnel,ti-exact,310ee,ee,45188,1.30508,0.543599,1.90141,29.6392,14,0,45146,0,35.9403,27,0,0,0.0237319,0.000203091
2,cloth-funnel,2,device,cloth-funnel,ti-exact,328ee,ee,60460,1.30086,0.486129,1.82049,29.3134,14,0,60421,0,32.5785,24,0,0,0.0942058,3.74037e-05
2,cloth-funnel,2,device,cloth-funnel,ti-exact,348ee,ee,47777,1.27135,0.463057,2.05635,37.5019,13,0,47758,0,32.5389,4,0,0,0.477882,0.0194181
2,cloth-funnel,2,device,cloth-funnel,ti-exact,368ee,ee,48298,1.26671,0.438738,1.9594,30.6627,13,0,48276,0,37.9061,7,0,0,0.0355739,0.000414953
2,cloth-funnel,2,device,cloth-funnel,ti-exact,386vf,vf,18492,1.30857,0.223481,1.79082,5.12118,0,0,18488,0,5.19161,3,0,0,0.000151746,2.36754e-05
2,cloth-funnel,2,device,cloth-funnel,ti-exact,414ee,ee,388206,1.2806,1.34949,3.33302,41.3299,13,0,388191,0,52.8973,2,0,0,0.0919369,0.0919369
2,cloth-funnel,2,device,cloth-funnel,ti-exact,436ee,ee,16400,1.34284,2.66657,3.1176,35.6721,13,0,16384,0,37.9231,3,0,0,0.214401,0.0940025
2,cloth-funnel,2,device,cloth-funnel,ti-exact,463ee,ee,13389,1.32674,3.10365,3.5988,33.9345,13,0,13373,0,35.0478,3,0,0,0.204552,0.0694194
2,cloth-funnel,2,device,cloth-funnel,ti-exact,485ee,ee,13351,1.31436,3.11907,3.68984,23.2405,14,0,13335,0,34.0826,2,0,0,0.0845992,0.0845992
2,armadillo-rollers,0,host,armadillo-rollers,scalar,100ee,ee,225426,3.39753,1.32156,1.27922,6.4686,0,0,225361,0,1.51826,65,0,0,0.000644673,1.12556e-05
2,armadillo-rollers,0,host,armadillo-rollers,scalar,123ee,ee,127329,1.74622,2.71627,0.882245,4.78539,0,0,127311,0,1.47327,17,0,0,0.00336111,5.3587e-05
2,armadillo-rollers,0,host,armadillo-rollers,scalar,147vf,vf,15362,3.32879,0.586542,0.216313,0.614925,0,0,15355,0,0.883909,6,0,0,0.000671471,0.000247118
2,armadillo-rollers,0,host,armadillo-rollers,scalar,170ee,ee,50547,1.72897,1.89117,0.459538,2.16224,0,0,50515,0,1.08784,32,0,0,0.00067631,2.67107e-06
2,armadillo-rollers,0,host,armadillo-rollers,scalar,193ee,ee,60836,1.76759,1.78484,0.534703,3.48124,0,0,60793,0,1.82228,43,0,0,0.000638615,3.92741e-05
2,armadillo-rollers,0,host,armadillo-rollers,scalar,215vf,vf,17849,1.76302,0.675083,0.523536,0.499472,0,0,17843,0,1.80474,6,0,0,0.000567248,7.5449e-05
2,armadillo-rollers,0,host,armadillo-rollers,scalar,237vf,vf,28293,1.75659,0.82967,0.643948,0.56475,0,0,28287,0,0.898724,6,0,0,0.000159074,8.13614e-05
2,armadillo-rollers,0,host,armadillo-rollers,scalar,25ee,ee,163744,1.7747,1.46213,1.00141,3.66181,0,0,163707,0,1.85738,37,0,0,0.00547714,4.20547e-05
2,armadillo-rollers,0,host,armadillo-rollers,scalar,281vf,vf,62420,1.77479,1.30569,0.652843,31.0171,1,0,61973,0,11.7444,444,0,0,0.0388948,0.000150692
2,armadillo-rollers,0,host,armadillo-rollers,scalar,304ee,ee,171016,1.74881,2.26492,1.50094,12.7539,1,0,170836,0,3.53963,178,0,0,0.0416361,0.000238988
2,armadillo-rollers,0,host,armadillo-rollers,scalar,326vf,vf,2032004,1.68683,9.85704,8.15719,56.0076,0,0,2027352,0,29.3433,4650,0,0,0.00202894,4.09865e-06
2,armadillo-rollers,0,host,armadillo-rollers,scalar,348vf,vf,15552,1.87924,0.591406,0.240344,1.14793,0,0,15544,0,0.698987,8,0,0,0.00151556,0.000403972
2,armadillo-rollers,0,host,armadillo-rollers,scalar,370ee,ee,123265,1.87089,1.55886,0.83223,3.24102,0,0,123203,0,1.36306,62,0,0,0.00046511,3.00005e-05
2,armadillo-rollers,0,host,armadillo-rollers,scalar,392vf,vf,18693,1.77969,0.6539,0.219993,4.10912,0,0,18664,0,3.2478,29,0,0,0.00226804,2.84644e-05
2,armadillo-rollers,0,host,armadillo-rollers,scalar,55ee,ee,67430,1.85508,2.00931,0.545679,2.55083,0,0,67378,0,0.969186,52,0,0,0.000148704,1.116e-05
2,armadillo-rollers,0,host,armadillo-rollers,scalar,77vf,vf,25385,1.72225,0.639276,0.26412,0.223641,1,0,25383,0,0.592013,1,0,0,8.76024e-05,8.76024e-05
2,armadillo-rollers,0,device,armadillo-rollers,scalar,100ee,ee,225426,2.69131,1.03936,1.71995,3.90721,0,0,225361,0,6.96935,65,0,0,0.00209604,1.48866e-05
2,armadillo-rollers,0,device,armadillo-rollers,scalar,123ee,ee,127329,1.47164,1.01981,1.77614,8.84801,0,0,127311,0,7.68203,17,0,0,0.00903435,0.000105482
2,armadillo-rollers,0,device,armadillo-rollers,scalar,147vf,vf,15362,1.42056,0.553647,2.5892,1.06355,1,0,15355,0,1.28374,6,0,0,0.0011532,0.000342448
2,armadillo-rollers,0,device,armadillo-rollers,scalar,170ee,ee,50547,1.40239,1.63515,2.16544,1.90724,0,0,50515,0,2.50914,32,0,0,0.00232487,2.63258e-05
2,armadillo-rollers,0,device,armadillo-rollers,scalar,193ee,ee,60836,1.93357,1.05242,1.60369,2.80801,0,0,60793,0,3.93799,43,0,0,0.00211634,9.43217e-05
2,armadillo-rollers,0,device,armadillo-rollers,scalar,215vf,vf,17849,1.47659,0.680395,2.00685,2.15945,0,0,17843,0,3.47525,6,0,0,0.000549421,0.000170189
2,armadillo-rollers,0,device,armadillo-rollers,scalar,237vf,vf,28293,1.54402,0.537103,1.65723,1.17708,0,0,28287,0,1.65592,6,0,0,0.000263611,0.000134737
2,armadillo-rollers,0,device,armadillo-rollers,scalar,25ee,ee,163744,1.39336,1.04896,1.45272,3.37919,0,0,163707,0,5.73889,37,0,0,0.00732639,7.97408e-05
2,armadillo-rollers,0,device,armadillo-rollers,scalar,281vf,vf,62420,1.53163,0.681707,2.8825,24.0646,2,0,61973,0,54.6442,444,0,0,0.0461441,0.000320068
2,armadillo-rollers,0,device,armadillo-rollers,scalar,304ee,ee,171016,1.45016,1.86669,2.69105,15.1978,1,0,170836,0,18.3753,178,0,0,0.0739624,0.000516938
2,armadillo-rollers,0,device,armadillo-rollers,scalar,326vf,vf,2032004,1.52978,1.27529,3.63614,32.8966,1,0,2027352,0,95.955,4650,0,0,0.00339756,7.31385e-06
2,armadillo-rollers,0,device,armadillo-rollers,scalar,348vf,vf,15552,1.68046,0.553679,1.5819,2.4292,0,0,15544,0,2.88404,8,0,0,0.00193493,0.000556043
2,armadillo-rollers,0,device,armadillo-rollers,scalar,370ee,ee,123265,1.49,1.20905,1.849,2.43497,0,0,123203,0,4.50466,62,0,0,0.000683251,3.55072e-05
2,armadillo-rollers,0,device,armadillo-rollers,scalar,392vf,vf,18693,1.49944,0.410547,1.46255,6.03223,0,0,18664,0,6.20675,29,0,0,0.00253053,4.72728e-05
2,armadillo-rollers,0,device,armadillo-rollers,scalar,55ee,ee,67430,1.45291,1.63457,2.26444,1.37231,0,0,67378,0,1.91009,52,0,0,0.000491294,1.27703e-05
2,armadillo-rollers,0,device,armadillo-rollers,scalar,77vf,vf,25385,1.49787,0.454034,1.62961,1.03107,1,0,25383,0,1.05785,1,0,0,0.000177373,0.000177373
2,armadillo-rollers,2,host,armadillo-rollers,ti-exact,100ee,ee,225426,3.36982,1.37045,0.967362,6.69016,0,0,225361,0,2.99914,65,0,0,0.000110117,1.15441e-06
2,armadillo-rollers,2,host,armadillo-rollers,ti-exact,123ee,ee,127329,1.72964,2.72078,1.34655,3.79652,0,0,127311,0,1.57326,17,0,0,0.000402561,8.65221e-06
2,armadillo-rollers,2,host,armadillo-rollers,ti-exact,147vf,vf,15362,3.32406,0.600141,0.420051,0.457042,0,0,15355,0,1.08582,6,0,0,1.85334e-05,5.68224e-06
2,armadillo-rollers,2,host,armadillo-rollers,ti-exact,170ee,ee,50547,1.75969,1.90442,0.616173,2.84471,0,0,50515,0,1.63793,32,0,0,5.35471e-05,4.81925e-07
2,armadillo-rollers,2,host,armadillo-rollers,ti-exact,193ee,ee,60836,1.71169,1.82721,2.21264,4.98465,0,0,60793,0,2.57342,43,0,0,8.33211e-05,4.1757e-06
2,armadillo-rollers,2,host,armadillo-rollers,ti-exact,215vf,vf,17849,1.68811,0.681898,0.756713,0.534063,0,0,17843,0,2.28674,6,0,0,1.50726e-05,7.4631e-06
2,armadillo-rollers,2,host,armadillo-rollers,ti-exact,237vf,vf,28293,1.75015,0.881508,0.51656,0.661356,0,0,28287,0,1.18528,6,0,0,1.13563e-05,7.22157e-06
2,armadillo-rollers,2,host,armadillo-rollers,ti-exact,25ee,ee,163744,1.8122,1.40687,0.814023,4.1816,0,0,163707,0,1.9601,37,0,0,0.000105145,2.26707e-06
2,armadillo-rollers,2,host,armadillo-rollers,ti-exact,281vf,vf,62420,1.83662,1.24038,2.14758,42.4448,0,0,61973,0,19.1399,444,0,0,0.00169614,1.29778e-05
2,armadillo-rollers,2,host,armadillo-rollers,ti-exact,304ee,ee,171016,2.73147,2.26463,1.39468,43.0921,0,0,170836,0,4.3334,178,0,0,0.00108899,1.26773e-05
2,armadillo-rollers,2,host,armadillo-rollers,ti-exact,326vf,vf,2032004,1.73659,9.93208,5.71736,41.4993,0,0,2027352,0,29.7111,4650,0,0,0.000309233,3.35585e-07
2,armadillo-rollers,2,host,armadillo-rollers,ti-exact,348vf,vf,15552,1.77943,17.1717,0.746504,1.37746,0,0,15544,0,0.749929,8,0,0,8.12098e-05,1.83191e-05
2,armadillo-rollers,2,host,armadillo-rollers,ti-exact,370ee,ee,123265,1.83412,1.59326,0.682731,4.2903,0,0,123203,0,1.80334,62,0,0,1.33985e-05,1.41297e-06
2,armadillo-rollers,2,host,armadillo-rollers,ti-exact,392vf,vf,18693,2.73668,0.58331,0.214233,3.48716,0,0,18664,0,2.82439,29,0,0,0.000113012,1.84318e-06
2,armadillo-rollers,2,host,armadillo-rollers,ti-exact,55ee,ee,67430,1.74353,2.0297,0.518032,3.18301,0,0,67378,0,2.7395,52,0,0,2.01897e-05,6.85377e-07
2,armadillo-rollers,2,host,armadillo-rollers,ti-exact,77vf,vf,25385,1.66948,0.657484,0.246136,0.200633,1,0,25383,0,0.668811,1,0,0,1.61012e-06,1.61012e-06
2,armadillo-rollers,2,device,armadillo-rollers,ti-exact,100ee,ee,225426,2.60907,1.04355,6.54274,27.3511,0,0,225361,0,157.13,65,0,0,7.38774e-05,1.2922e-06
2,armadillo-rollers,2,device,armadillo-rollers,ti-exact,123ee,ee,127329,1.51474,1.01283,4.56824,8.14096,0,0,127311,0,144.58,17,0,0,0.000196567,4.83751e-06
2,armadillo-rollers,2,device,armadillo-rollers,ti-exact,147vf,vf,15362,1.38188,0.449906,1.66932,1.18217,0,0,15355,0,2.31244,6,0,0,1.85334e-05,5.68224e-06
2,armadillo-rollers,2,device,armadillo-rollers,ti-exact,170ee,ee,50547,1.4149,1.6723,5.94529,23.3657,0,0,50515,0,420.716,32,0,0,3.25663e-05,9.58763e-07
2,armadillo-rollers,2,device,armadillo-rollers,ti-exact,193ee,ee,60836,1.94903,1.14956,4.69992,9.18394,0,0,60793,0,256.991,43,0,0,3.75447e-05,2.86682e-06
2,armadillo-rollers,2,device,armadillo-rollers,ti-exact,215vf,vf,17849,1.542,0.703018,1.95805,1.18019,0,0,17843,0,9.19677,6,0,0,1.50726e-05,7.4631e-06
2,armadillo-rollers,2,device,armadillo-rollers,ti-exact,237vf,vf,28293,1.54254,0.596909,1.70376,1.12416,0,0,28287,0,4.85191,6,0,0,1.13563e-05,7.22157e-06
2,armadillo-rollers,2,device,armadillo-rollers,ti-exact,25ee,ee,163744,1.41647,1.07251,3.08915,13.7491,0,0,163707,0,23.4442,37,0,0,0.000452282,1.71247e-06
2,armadillo-rollers,2,device,armadillo-rollers,ti-exact,281vf,vf,62420,1.55838,0.707594,2.94701,31.5858,0,0,61973,0,31.0484,444,0,0,0.00169614,1.29536e-05
2,armadillo-rollers,2,device,armadillo-rollers,ti-exact,304ee,ee,171016,1.4469,1.79642,8.0067,85.1848,0,0,170836,0,1746.42,178,0,0,0.0139422,1.13522e-05
2,armadillo-rollers,2,device,armadillo-rollers,ti-exact,326vf,vf,2032004,1.54174,1.40776,4.22665,45.7536,0,0,2027352,0,60.7099,4650,0,0,0.000185016,3.17774e-07
2,armadillo-rollers,2,device,armadillo-rollers,ti-exact,348vf,vf,15552,1.78737,0.522863,1.65355,2.28166,0,0,15544,0,2.85137,8,0,0,8.12098e-05,1.83191e-05
2,armadillo-rollers,2,device,armadillo-rollers,ti-exact,370ee,ee,123265,1.58241,1.21798,4.00621,13.1726,0,0,123203,0,55.6131,62,0,0,1.7498e-05,1.13634e-06
2,armadillo-rollers,2,device,armadillo-rollers,ti-exact,392vf,vf,18693,1.49055,0.406803,2.19484,4.38511,0,0,18664,0,5.94974,29,0,0,0.000113012,1.84318e-06
2,armadillo-rollers,2,device,armadillo-rollers,ti-exact,55ee,ee,67430,1.46712,1.48786,4.17994,5.85719,0,0,67378,0,41.2554,52,0,0,1.06529e-05,7.6869e-07
2,armadillo-rollers,2,device,armadillo-rollers,ti-exact,77vf,vf,25385,1.483,0.461394,1.69236,1.05206,1,0,25383,0,2.05731,1,0,0,1.61012e-06,1.61012e-06
2,cloth-ball,0,host,cloth-ball,scalar,22ee,ee,93162,6.76721,2.47519,0.716458,0.088509,0,0,93161,0,0.719882,1,0,0,1.68532e-07,1.68532e-07
2,cloth-ball,0,host,cloth-ball,scalar,50ee,ee,204121,6.3544,4.20323,1.32357,0.122173,0,0,204120,0,1.48136,1,0,0,3.60181e-07,3.60181e-07
2,cloth-ball,0,host,cloth-ball,scalar,58ee,ee,677743,6.44492,6.09296,4.14144,5.67019,0,0,677562,0,4.86542,181,0,0,3.01173e-06,3.54221e-07
2,cloth-ball,0,host,cloth-ball,scalar,60vf,vf,360239,6.38147,4.24156,2.11485,6.32848,0,0,360036,0,2.83476,203,0,0,4.86347e-06,4.08358e-07
2,cloth-ball,0,host,cloth-ball,scalar,63ee,ee,2949103,5.83246,12.8027,15.665,15.2625,0,0,2941276,0,28.6153,7827,0,0,2.03661e-05,3.88206e-07
2,cloth-ball,0,host,cloth-ball,scalar,65vf,vf,1572147,5.83761,6.76888,7.38291,9.10484,0,0,1568962,0,13.8894,3185,0,0,3.94606e-05,3.26039e-07
2,cloth-ball,0,host,cloth-ball,scalar,68ee,ee,6476896,5.60264,36.4774,34.1108,29.4451,0,0,6456635,0,63.3337,20261,0,0,5.7944e-05,3.68308e-07
2,cloth-ball,0,host,cloth-ball,scalar,70vf,vf,2494148,8.10208,12.1788,11.3859,8.8019,0,0,2490582,0,17.636,3565,0,0,1.46219e-05,2.91651e-07
2,cloth-ball,0,host,cloth-ball,scalar,73ee,ee,4482728,5.50364,38.8036,25.2719,22.3078,0,0,4463939,0,47.2207,18789,0,0,0.000128736,3.13096e-07
2,cloth-ball,0,host,cloth-ball,scalar,75vf,vf,1144734,5.71278,14.7034,6.07495,8.95201,0,0,1142424,0,11.9142,2310,0,0,2.26058e-05,3.00196e-07
2,cloth-ball,0,host,cloth-ball,scalar,78ee,ee,2864389,5.56047,31.0461,17.1495,12.4137,0,0,2851808,0,28.9639,12581,0,0,6.7833e-05,2.7778e-07
2,cloth-ball,0,host,cloth-ball,scalar,80vf,vf,935635,5.85643,18.2907,5.15386,4.38617,0,0,933489,0,7.85217,2146,0,0,8.79892e-06,2.52018e-07
2,cloth-ball,0,host,cloth-ball,scalar,83ee,ee,2987261,6.19789,32.3011,17.5942,10.2211,0,0,2982068,0,23.9827,5193,0,0,7.23426e-05,3.43724e-07
2,cloth-ball,0,host,cloth-ball,scalar,85vf,vf,1041160,5.92346,18.6851,5.762,5.11325,0,0,1040460,0,7.04759,700,0,0,9.72061e-06,4.01329e-07
2,cloth-ball,0,host,cloth-ball,scalar,88ee,ee,3705732,5.62459,34.9026,22.5417,10.0763,0,0,3692966,0,33.7079,12766,0,0,0.000102475,2.11579e-07
2,cloth-ball,0,host,cloth-ball,scalar,90vf,vf,1340531,5.96897,16.8215,7.48025,8.19485,0,0,1334816,0,13.8447,5715,0,0,2.37597e-05,1.67815e-07
2,cloth-ball,0,device,cloth-ball,scalar,22ee,ee,93162,4.90974,1.69716,0.988449,2.17299,0,0,93161,0,1.6986,1,0,0,6.08824e-07,6.08824e-07
2,cloth-ball,0,device,cloth-ball,scalar,50ee,ee,204121,4.87908,2.22153,2.30172,1.11968,0,0,204120,0,2.69512,1,0,0,7.75592e-07,7.75592e-07
2,cloth-ball,0,device,cloth-ball,scalar,58ee,ee,677743,3.74536,2.86244,3.34431,7.51212,0,0,677562,0,13.6351,181,0,0,1.16238e-05,1.37361e-06
2,cloth-ball,0,device,cloth-ball,scalar,60vf,vf,360239,3.78772,0.914307,1.68168,11.5849,0,0,360036,0,14.9636,203,0,0,1.29921e-05,1.17988e-06
2,cloth-ball,0,device,cloth-ball,scalar,63ee,ee,2949103,4.55983,3.02042,7.48943,40.8952,0,0,2941276,0,82.586,7827,0,0,5.58698e-05,1.33888e-06
2,cloth-ball,0,device,cloth-ball,scalar,65vf,vf,1572147,4.44597,1.52229,3.56207,25.5383,0,0,1568962,0,35.9529,3185,0,0,8.04601e-05,1.05439e-06
2,cloth-ball,0,device,cloth-ball,scalar,68ee,ee,6476896,4.56555,5.36934,15.9708,68.6206,0,0,6456635,0,147.688,20261,0,0,9.88166e-05,1.31346e-06
2,cloth-ball,0,device,cloth-ball,scalar,70vf,vf,2494148,4.51071,2.65816,3.93319,25.8405,0,0,2490582,0,42.6166,3565,0,0,4.64965e-05,1.05459e-06
2,cloth-ball,0,device,cloth-ball,scalar,73ee,ee,4482728,4.01056,5.27235,14.0388,32.6643,0,0,4463939,0,57.0027,18789,0,0,0.000265271,1.23433e-06
2,cloth-ball,0,device,cloth-ball,scalar,75vf,vf,1144734,4.47932,2.45714,2.69416,20.9837,0,0,1142424,0,26.6246,2310,0,0,9.70806e-05,1.17883e-06
2,cloth-ball,0,device,cloth-ball,scalar,78ee,ee,2864389,3.84087,7.2161,8.28585,21.4404,0,0,2851808,0,35.9523,12581,0,0,0.00024111,1.22008e-06
2,cloth-ball,0,device,cloth-ball,scalar,80vf,vf,935635,5.08963,2.44885,2.89927,15.3184,0,0,933489,0,20.167,2146,0,0,2.40321e-05,1.02015e-06
2,cloth-ball,0,device,cloth-ball,scalar,83ee,ee,2987261,3.8203,7.18227,8.04884,23.0977,0,0,2982068,0,37.7179,5193,0,0,0.000186642,1.51535e-06
2,cloth-ball,0,device,cloth-ball,scalar,85vf,vf,1041160,5.18582,2.89495,3.94669,12.3209,0,0,1040460,0,17.6336,700,0,0,2.58935e-05,1.68563e-06
2,cloth-ball,0,device,cloth-ball,scalar,88ee,ee,3705732,3.74164,8.98494,16.5335,20.5697,0,0,3692966,0,44.2845,12766,0,0,0.000258966,9.69909e-07
2,cloth-ball,0,device,cloth-ball,scalar,90vf,vf,1340531,4.39362,3.24889,3.88964,20.0012,0,0,1334816,0,30.9368,5715,0,0,6.14548e-05,7.92912e-07
2,cloth-ball,2,host,cloth-ball,ti-exact,22ee,ee,93162,6.74686,2.49493,0.541519,0.120509,0,0,93161,0,0.517328,1,0,0,1.53307e-07,1.53307e-07
2,cloth-ball,2,host,cloth-ball,ti-exact,50ee,ee,204121,6.36403,4.12774,0.856869,0.154652,0,0,204120,0,0.936931,1,0,0,2.09448e-07,2.09448e-07
2,cloth-ball,2,host,cloth-ball,ti-exact,58ee,ee,677743,6.26189,6.1568,2.46898,17.1436,0,0,677562,0,4.1872,181,0,0,2.70035e-06,3.5091e-07
2,cloth-ball,2,host,cloth-ball,ti-exact,60vf,vf,360239,6.34192,4.20038,1.33519,9.79909,0,0,360036,0,2.0711,203,0,0,2.39565e-06,2.88344e-07
2,cloth-ball,2,host,cloth-ball,ti-exact,63ee,ee,2949103,5.86516,12.7691,9.76344,34.7476,0,0,2941276,0,24.1501,7827,0,0,1.07755e-05,3.30351e-07
2,cloth-ball,2,host,cloth-ball,ti-exact,65vf,vf,1572147,5.68331,6.94657,4.73851,14.2474,0,0,1568962,0,10.8456,3185,0,0,1.42209e-05,2.73003e-07
2,cloth-ball,2,host,cloth-ball,ti-exact,68ee,ee,6476896,5.61234,35.9163,20.947,43.3338,0,0,6456635,0,51.7671,20261,0,0,2.31303e-05,3.18002e-07
2,cloth-ball,2,host,cloth-ball,ti-exact,70vf,vf,2494148,5.6309,12.3244,7.31984,12.6731,0,0,2490582,0,12.7587,3565,0,0,1.34795e-05,2.67299e-07
2,cloth-ball,2,host,cloth-ball,ti-exact,73ee,ee,4482728,5.59291,38.9663,15.4245,28.0452,0,0,4463939,0,38.7652,18789,0,0,3.01405e-05,2.8631e-07
2,cloth-ball,2,host,cloth-ball,ti-exact,75vf,vf,1144734,5.62472,14.876,3.81185,12.6289,0,0,1142424,0,8.54121,2310,0,0,3.31131e-05,2.70562e-07
2,cloth-ball,2,host,cloth-ball,ti-exact,78ee,ee,2864389,5.7324,31.416,10.5277,16.3042,0,0,2851808,0,22.5572,12581,0,0,4.70147e-05,2.71893e-07
2,cloth-ball,2,host,cloth-ball,ti-exact,80vf,vf,935635,5.89342,17.5137,3.2679,6.56824,0,0,933489,0,5.74184,2146,0,0,4.79818e-06,2.38319e-07
2,cloth-ball,2,host,cloth-ball,ti-exact,83ee,ee,2987261,5.88827,32.2045,10.9641,17.2582,0,0,2982068,0,18.0032,5193,0,0,2.66115e-05,3.3254e-07
2,cloth-ball,2,host,cloth-ball,ti-exact,85vf,vf,1041160,5.96068,30.3112,3.59957,6.75048,0,0,1040460,0,4.67281,700,0,0,5.81867e-06,3.85447e-07
2,cloth-ball,2,host,cloth-ball,ti-exact,88ee,ee,3705732,5.89236,35.5816,14.0929,15.8504,0,0,3692966,0,25.1618,12766,0,0,3.00133e-05,2.44129e-07
2,cloth-ball,2,host,cloth-ball,ti-exact,90vf,vf,1340531,5.73755,16.8486,4.80347,8.68232,0,0,1334816,0,10.4825,5715,0,0,2.20605e-05,2.18863e-07
2,cloth-ball,2,device,cloth-ball,ti-exact,22ee,ee,93162,5.05504,1.68625,1.29269,0.982785,0,0,93161,0,1.56808,1,0,0,9.37027e-08,9.37027e-08
2,cloth-ball,2,device,cloth-ball,ti-exact,50ee,ee,204121,4.70126,2.19571,4.85911,1.13251,0,0,204120,0,2.85629,1,0,0,9.02387e-08,9.02387e-08
2,cloth-ball,2,device,cloth-ball,ti-exact,58ee,ee,677743,4.29881,2.91495,4.28195,23.1403,0,0,677562,0,28.0556,181,0,0,2.70035e-06,1.54528e-07
2,cloth-ball,2,device,cloth-ball,ti-exact,60vf,vf,360239,3.8115,0.9025,1.74404,4.47228,0,0,360036,0,6.65294,203,0,0,1.44198e-06,1.12372e-07
2,cloth-ball,2,device,cloth-ball,ti-exact,63ee,ee,2949103,4.21491,2.95322,9.22762,62.6522,0,0,2941276,0,143.657,7827,0,0,1.07833e-05,1.71976e-07
2,cloth-ball,2,device,cloth-ball,ti-exact,65vf,vf,1572147,4.55259,1.44952,4.22617,34.2051,0,0,1568962,0,46.1729,3185,0,0,6.70051e-06,1.02485e-07
2,cloth-ball,2,device,cloth-ball,ti-exact,68ee,ee,6476896,4.54565,5.25254,15.9472,76.3331,0,0,6456635,0,213.121,20261,0,0,1.73123e-05,1.5961e-07
2,cloth-ball,2,device,cloth-ball,ti-exact,70vf,vf,2494148,4.50607,2.70027,4.11376,35.2763,0,0,2490582,0,50.0773,3565,0,0,4.47919e-06,9.84167e-08
2,cloth-ball,2,device,cloth-ball,ti-exact,73ee,ee,4482728,3.9217,5.30569,14.5447,70.9635,0,0,4463939,0,95.6045,18789,0,0,2.48081e-05,1.37207e-07
2,cloth-ball,2,device,cloth-ball,ti-exact,75vf,vf,1144734,4.48393,2.42386,3.16995,17.6024,0,0,1142424,0,33.5838,2310,0,0,1.07018e-05,9.96511e-08
2,cloth-ball,2,device,cloth-ball,ti-exact,78ee,ee,2864389,3.92042,6.15334,8.12192,59.3491,0,0,2851808,0,69.8968,12581,0,0,4.70147e-05,1.24222e-07
2,cloth-ball,2,device,cloth-ball,ti-exact,80vf,vf,935635,4.23958,2.70385,3.05815,6.78305,0,0,933489,0,12.192,2146,0,0,2.17779e-06,8.65258e-08
2,cloth-ball,2,device,cloth-ball,ti-exact,83ee,ee,2987261,3.81412,7.13447,8.80744,53.8934,0,0,2982068,0,67.9637,5193,0,0,2.5342e-05,1.68034e-07
2,cloth-ball,2,device,cloth-ball,ti-exact,85vf,vf,1041160,5.15968,2.84177,3.83057,8.13661,0,0,1040460,0,13.6304,700,0,0,2.34749e-06,1.45715e-07
2,cloth-ball,2,device,cloth-ball,ti-exact,88ee,ee,3705732,6.5373,9.04817,16.8539,58.4745,0,0,3692966,0,80.5212,12766,0,0,0.000250664,9.12121e-08
2,cloth-ball,2,device,cloth-ball,ti-exact,90vf,vf,1340531,4.48287,3.27875,3.81985,27.2447,0,0,1334816,0,37.2247,5715,0,0,8.35142e-06,6.53562e-08
3,cloth-funnel,0,host,cloth-funnel,scalar,103ee,ee,27918,3.15136,0.763944,0.185306,0.101628,0,0,27915,0,0.192346,3,0,0,0.22914,0.0743881
3,cloth-funnel,0,host,cloth-funnel,scalar,160vf,vf,10362,3.1104,0.362133,0.098109,0.06355,0,0,10361,0,0.111484,1,0,0,0.112357,0.112357
3,cloth-funnel,0,host,cloth-funnel,scalar,197vf,vf,8427,1.30486,0.377716,0.110429,0.08115,0,0,8425,0,0.11718,2,0,0,0.0801008,0.0801008
3,cloth-funnel,0,host,cloth-funnel,scalar,229ee,ee,34560,1.31151,1.41628,0.267223,1.50798,14,0,34545,0,0.504977,1,0,0,0.0221311,0.0221311
3,cloth-funnel,0,host,cloth-funnel,scalar,249ee,ee,33438,1.25081,1.28553,0.259095,1.5812,13,0,33419,0,0.485201,6,0,0,0.941332,0.0439713
3,cloth-funnel,0,host,cloth-funnel,scalar,270ee,ee,37307,1.28626,1.37394,0.294679,1.79364,13,0,37290,0,0.631724,4,0,0,0.737092,0.0338201
3,cloth-funnel,0,host,cloth-funnel,scalar,292ee,ee,39567,1.25516,1.38901,0.329142,2.8433,16,0,39539,0,0.592557,12,0,0,0.0791928,0.00337756
3,cloth-funnel,0,host,cloth-funnel,scalar,310ee,ee,45188,1.27023,1.39906,0.375445,3.93021,15,0,45146,0,0.63806,27,0,0,0.0494066,0.0011352
3,cloth-funnel,0,host,cloth-funnel,scalar,328ee,ee,60460,1.24835,1.6107,0.462994,3.47903,14,0,60421,0,0.892324,24,0,0,0.117539,0.0010423
3,cloth-funnel,0,host,cloth-funnel,scalar,348ee,ee,47777,1.26454,1.46619,0.431986,2.1023,14,0,47758,0,0.653228,4,0,0,0.476119,0.045406
3,cloth-funnel,0,host,cloth-funnel,scalar,368ee,ee,48298,1.22876,1.5645,0.392755,2.20275,14,0,48276,0,0.670348,7,0,0,0.0174048,0.00353009
3,cloth-funnel,0,host,cloth-funnel,scalar,386vf,vf,18492,1.25065,0.418355,0.221785,0.18857,1,0,18488,0,0.276792,3,0,0,0.0139028,0.00124053
3,cloth-funnel,0,host,cloth-funnel,scalar,414ee,ee,388206,1.22771,5.36281,2.22649,1.99811,13,0,388191,0,2.66712,2,0,0,0.118337,0.118337
3,cloth-funnel,0,host,cloth-funnel,scalar,436ee,ee,16400,1.31823,1.30902,0.159099,2.09162,13,0,16384,0,0.402164,3,0,0,0.102749,0.0860198
3,cloth-funnel,0,host,cloth-funnel,scalar,463ee,ee,13389,1.37295,1.1791,0.132892,2.06682,13,0,13373,0,0.447506,3,0,0,0.0314989,0.0178301
3,cloth-funnel,0,host,cloth-funnel,scalar,485ee,ee,13351,1.28278,1.14931,0.134524,2.23999,14,0,13335,0,0.457746,2,0,0,0.0256818,0.0256818
3,cloth-funnel,0,device,cloth-funnel,scalar,103ee,ee,27918,3.01603,1.66651,0.90394,0.874309,0,0,27915,0,1.11849,3,0,0,0.317751,0.108219
3,cloth-funnel,0,device,cloth-funnel,scalar,160vf,vf,10362,1.75806,0.666891,0.95613,0.864006,0,0,10361,0,0.916996,1,0,0,0.124686,0.124686
3,cloth-funnel,0,device,cloth-funnel,scalar,197vf,vf,8427,1.44024,0.324598,1.18998,0.934915,0,0,8425,0,0.90042,2,0,0,0.113434,0.113434
3,cloth-funnel,0,device,cloth-funnel,scalar,229ee,ee,34560,1.24537,0.631245,1.24918,2.98826,14,0,34545,0,3.23465,1,0,0,0.0232733,0.0232733
3,cloth-funnel,0,device,cloth-funnel,scalar,249ee,ee,33438,1.65275,0.673579,1.02989,3.11824,13,0,33419,0,3.89834,6,0,0,0.956735,0.159603
3,cloth-funnel,0,device,cloth-funnel,scalar,270ee,ee,37307,1.2829,0.608013,1.03152,3.28287,13,0,37290,0,3.88631,4,0,0,0.74073,0.14093
3,cloth-funnel,0,device,cloth-funnel,scalar,292ee,ee,39567,1.29036,0.550799,1.13369,4.97178,16,0,39539,0,4.94445,12,0,0,0.116211,0.00347218
3,cloth-funnel,0,device,cloth-funnel,scalar,310ee,ee,45188,1.36322,0.523248,1.1279,4.05978,15,0,45146,0,4.54322,27,0,0,0.0652402,0.0031636
3,cloth-funnel,0,device,cloth-funnel,scalar,328ee,ee,60460,1.43016,0.492464,1.10886,4.04925,15,0,60421,0,4.30262,24,0,0,0.160368,0.00163386
3,cloth-funnel,0,device,cloth-funnel,scalar,348ee,ee,47777,1.75412,0.490673,1.10393,3.53365,15,0,47758,0,4.04135,4,0,0,0.477882,0.130671
3,cloth-funnel,0,device,cloth-funnel,scalar,368ee,ee,48298,1.2823,0.455313,1.04275,3.41356,15,0,48276,0,3.75268,7,0,0,0.11684,0.0041474
3,cloth-funnel,0,device,cloth-funnel,scalar,386vf,vf,18492,1.2519,0.227225,1.01741,0.966658,1,0,18488,0,1.10189,3,0,0,0.0130091,0.0038765
3,cloth-funnel,0,device,cloth-funnel,scalar,414ee,ee,388206,1.25516,1.2733,2.28681,3.62917,13,0,388191,0,6.41903,2,0,0,0.0863092,0.0863092
3,cloth-funnel,0,device,cloth-funnel,scalar,436ee,ee,16400,1.30799,2.40034,2.455,3.5876,13,0,16384,0,4.65486,3,0,0,0.186031,0.140271
3,cloth-funnel,0,device,cloth-funnel,scalar,463ee,ee,13389,1.32082,2.74503,2.56952,3.74273,13,0,13373,0,3.80619,3,0,0,0.108719,0.0708843
3,cloth-funnel,0,device,cloth-funnel,scalar,485ee,ee,13351,1.31791,2.75345,2.57323,3.51346,14,0,13335,0,3.68565,2,0,0,0.112281,0.112281
3,cloth-funnel,2,host,cloth-funnel,ti-exact,103ee,ee,27918,3.11901,0.766345,0.200121,0.185147,0,0,27915,0,0.196058,3,0,0,0.0018329,0.000776686
3,cloth-funnel,2,host,cloth-funnel,ti-exact,160vf,vf,10362,6.22454,0.360629,0.113629,0.06195,0,0,10361,0,0.114044,1,0,0,0.000884871,0.000884871
3,cloth-funnel,2,host,cloth-funnel,ti-exact,197vf,vf,8427,1.28086,0.336854,0.118044,0.097821,0,0,8425,0,0.116861,2,0,0,0.000836181,0.000836181
3,cloth-funnel,2,host,cloth-funnel,ti-exact,229ee,ee,34560,1.31545,1.40543,0.360085,0.687403,13,0,34545,0,0.630541,1,0,0,0.00130063,0.00130063
3,cloth-funnel,2,host,cloth-funnel,ti-exact,249ee,ee,33438,1.24118,1.24905,0.238617,1.0688,13,0,33419,0,0.633388,6,0,0,0.0199673,0.000813161
3,cloth-funnel,2,host,cloth-funnel,ti-exact,270ee,ee,37307,1.21625,1.34041,0.348533,1.29532,13,0,37290,0,0.910531,4,0,0,0.0820382,0.000863729
3,cloth-funnel,2,host,cloth-funnel,ti-exact,292ee,ee,39567,1.3175,1.31529,0.453362,3.81863,13,0,39539,0,1.92282,12,0,0,0.00655857,5.30539e-05
3,cloth-funnel,2,host,cloth-funnel,ti-exact,310ee,ee,45188,1.26556,1.36575,0.395956,3.47964,13,0,45146,0,0.940258,27,0,0,0.0010051,4.53395e-05
3,cloth-funnel,2,host,cloth-funnel,ti-exact,328ee,ee,60460,1.27308,1.63998,0.336598,2.62017,13,0,60421,0,0.995489,24,0,0,0.00240896,1.64221e-05
3,cloth-funnel,2,host,cloth-funnel,ti-exact,348ee,ee,47777,1.27721,1.45205,0.361301,1.22255,13,0,47758,0,0.607117,4,0,0,0.0328138,0.000375149
3,cloth-funnel,2,host,cloth-funnel,ti-exact,368ee,ee,48298,1.21843,1.55717,0.423443,1.19091,13,0,48276,0,0.59307,7,0,0,0.000580099,4.11125e-05
3,cloth-funnel,2,host,cloth-funnel,ti-exact,386vf,vf,18492,1.17654,0.412691,1.61633,1.79114,0,0,18488,0,1.62024,3,0,0,0.000151746,2.36754e-05
3,cloth-funnel,2,host,cloth-funnel,ti-exact,414ee,ee,388206,1.19897,5.36591,1.49403,0.728137,13,0,388191,0,1.76583,2,0,0,0.000689295,0.000689295
3,cloth-funnel,2,host,cloth-funnel,ti-exact,436ee,ee,16400,1.32354,1.37503,0.239768,0.97405,13,0,16384,0,0.381269,3,0,0,0.0017541,0.0017173
3,cloth-funnel,2,host,cloth-funnel,ti-exact,463ee,ee,13389,1.32233,1.16448,0.155675,0.8937,13,0,13373,0,3.23977,3,0,0,0.000815905,0.00069472
3,cloth-funnel,2,host,cloth-funnel,ti-exact,485ee,ee,13351,1.27682,1.19539,0.249689,0.817799,13,0,13335,0,0.453234,2,0,0,0.000370666,0.000370666
3,cloth-funnel,2,device,cloth-funnel,ti-exact,103ee,ee,27918,2.96554,1.68164,1.4188,30.3376,0,0,27915,0,26.7851,3,0,0,0.0580277,0.0286884
3,cloth-funnel,2,device,cloth-funnel,ti-exact,160vf,vf,10362,1.77495,0.705386,1.00835,1.09126,0,0,10361,0,0.980994,1,0,0,0.000884871,0.000884871
3,cloth-funnel,2,device,cloth-funnel,ti-exact,197vf,vf,8427,1.40738,0.326102,1.00774,0.98381,0,0,8425,0,1.02093,2,0,0,0.000836181,0.000836181
3,cloth-funnel,2,device,cloth-funnel,ti-exact,229ee,ee,34560,1.30278,0.595374,3.30534,11.6846,14,0,34545,0,337.851,1,0,0,0.0232733,0.0232733
3,cloth-funnel,2,device,cloth-funnel,ti-exact,249ee,ee,33438,1.60229,0.613197,2.27123,33.7518,13,0,33419,0,42.4551,6,0,0,0.956735,0.0401198
3,cloth-funnel,2,device,cloth-funnel,ti-exact,270ee,ee,37307,1.26802,0.607597,2.01815,29.7368,13,0,37290,0,34.7297,4,0,0,0.74073,0.0428559
3,cloth-funnel,2,device,cloth-funnel,ti-exact,292ee,ee,39567,1.3077,0.604941,2.10921,27.4622,14,0,39539,0,37.8818,12,0,0,0.0266849,0.000186747
3,cloth-funnel,2,device,cloth-funnel,ti-exact,310ee,ee,45188,1.33081,0.644652,1.87786,39.6755,14,0,45146,0,36.1559,27,0,0,0.0237319,0.000203091
3,cloth-funnel,2,device,cloth-funnel,ti-exact,328ee,ee,60460,1.30191,0.494673,1.92589,31.2846,14,0,60421,0,32.1935,24,0,0,0.0942058,3.74037e-05
3,cloth-funnel,2,device,cloth-funnel,ti-exact,348ee,ee,47777,1.49733,0.771208,2.08499,33.4857,13,0,47758,0,30.9195,4,0,0,0.477882,0.0194181
3,cloth-funnel,2,device,cloth-funnel,ti-exact,368ee,ee,48298,1.27167,0.450482,2.18755,35.2301,13,0,48276,0,38.3566,7,0,0,0.0355739,0.000414953
3,cloth-funnel,2,device,cloth-funnel,ti-exact,386vf,vf,18492,1.29503,0.222105,1.77409,5.10394,0,0,18488,0,6.25456,3,0,0,0.000151746,2.36754e-05
3,cloth-funnel,2,device,cloth-funnel,ti-exact,414ee,ee,388206,1.28838,1.32421,3.16873,45.193,13,0,388191,0,53.3972,2,0,0,0.0919369,0.0919369
3,cloth-funnel,2,device,cloth-funnel,ti-exact,436ee,ee,16400,1.30038,2.43343,3.14589,35.197,13,0,16384,0,38.4065,3,0,0,0.214401,0.0940025
3,cloth-funnel,2,device,cloth-funnel,ti-exact,463ee,ee,13389,1.2773,2.74948,3.29302,35.416,13,0,13373,0,34.7345,3,0,0,0.20443,0.0694194
3,cloth-funnel,2,device,cloth-funnel,ti-exact,485ee,ee,13351,1.31286,2.72747,3.36943,24.6167,14,0,13335,0,34.4778,2,0,0,0.0845992,0.0845992
3,armadillo-rollers,0,host,armadillo-rollers,scalar,100ee,ee,225426,3.38396,1.32348,1.24777,6.59234,0,0,225361,0,1.57282,65,0,0,0.000644673,1.12556e-05
3,armadillo-rollers,0,host,armadillo-rollers,scalar,123ee,ee,127329,1.8035,2.7139,0.885989,4.82891,0,0,127311,0,1.55061,17,0,0,0.00336111,5.3587e-05
3,armadillo-rollers,0,host,armadillo-rollers,scalar,147vf,vf,15362,3.35398,0.584334,0.216537,0.615949,0,0,15355,0,0.881029,6,0,0,0.000671471,0.000247118
3,armadillo-rollers,0,host,armadillo-rollers,scalar,170ee,ee,50547,1.7587,1.91722,0.459826,2.20812,0,0,50515,0,0.994721,32,0,0,0.00067631,2.67107e-06
3,armadillo-rollers,0,host,armadillo-rollers,scalar,193ee,ee,60836,1.77662,1.73857,0.53496,3.49244,0,0,60793,0,1.90378,43,0,0,0.000638615,3.92741e-05
3,armadillo-rollers,0,host,armadillo-rollers,scalar,215vf,vf,17849,1.75086,0.71921,0.513648,0.504209,0,0,17843,0,1.68926,6,0,0,0.000567248,7.5449e-05
3,armadillo-rollers,0,host,armadillo-rollers,scalar,237vf,vf,28293,1.73399,0.869061,0.515344,0.583661,0,0,28287,0,0.892484,6,0,0,0.000159074,8.13614e-05
3,armadillo-rollers,0,host,armadillo-rollers,scalar,25ee,ee,163744,1.74171,1.46642,0.998753,3.70072,0,0,163707,0,1.85421,37,0,0,0.00547714,4.20547e-05
3,armadillo-rollers,0,host,armadillo-rollers,scalar,281vf,vf,62420,1.83153,1.22886,0.653164,31.3601,1,0,61973,0,11.8246,444,0,0,0.0388948,0.000150692
3,armadillo-rollers,0,host,armadillo-rollers,scalar,304ee,ee,171016,1.7074,2.23631,1.58622,12.763,1,0,170836,0,3.44962,178,0,0,0.0416361,0.000238988
3,armadillo-rollers,0,host,armadillo-rollers,scalar,326vf,vf,2032004,1.72395,9.72555,8.13735,56.2987,0,0,2027352,0,29.4388,4650,0,0,0.00202894,4.09865e-06
3,armadillo-rollers,0,host,armadillo-rollers,scalar,348vf,vf,15552,1.79985,0.574094,0.238137,1.12569,0,0,15544,0,0.694986,8,0,0,0.00151556,0.000403972
3,armadillo-rollers,0,host,armadillo-rollers,scalar,370ee,ee,123265,1.8297,1.57822,0.834694,3.27958,0,0,123203,0,1.29593,62,0,0,0.00046511,3.00005e-05
3,armadillo-rollers,0,host,armadillo-rollers,scalar,392vf,vf,18693,1.74567,0.583406,0.222201,4.12154,0,0,18664,0,3.19385,29,0,0,0.00226804,2.84644e-05
3,armadillo-rollers,0,host,armadillo-rollers,scalar,55ee,ee,67430,1.74913,2.03328,0.485265,2.59682,0,0,67378,0,0.974562,52,0,0,0.000148704,1.116e-05
3,armadillo-rollers,0,host,armadillo-rollers,scalar,77vf,vf,25385,1.73406,0.649227,0.264152,0.221145,1,0,25383,0,0.568047,1,0,0,8.76024e-05,8.76024e-05
3,armadillo-rollers,0,device,armadillo-rollers,scalar,100ee,ee,225426,2.83409,1.04832,1.80746,4.02365,0,0,225361,0,6.48565,65,0,0,0.00206093,1.48866e-05
3,armadillo-rollers,0,device,armadillo-rollers,scalar,123ee,ee,127329,1.47218,1.13804,1.75287,7.49913,0,0,127311,0,9.48694,17,0,0,0.00821756,0.000115839
3,armadillo-rollers,0,device,armadillo-rollers,scalar,147vf,vf,15362,1.40146,0.56379,1.36969,1.13929,1,0,15355,0,1.38322,6,0,0,0.00115229,0.000342448
3,armadillo-rollers,0,device,armadillo-rollers,scalar,170ee,ee,50547,1.4708,1.46347,2.0113,1.85569,0,0,50515,0,2.10893,32,0,0,0.00232487,2.63258e-05
3,armadillo-rollers,0,device,armadillo-rollers,scalar,193ee,ee,60836,1.99591,1.20611,1.70945,2.61714,0,0,60793,0,3.83082,43,0,0,0.00211634,9.43217e-05
3,armadillo-rollers,0,device,armadillo-rollers,scalar,215vf,vf,17849,1.44786,0.708394,2.08109,1.23292,0,0,17843,0,3.62494,6,0,0,0.000549421,0.000170189
3,armadillo-rollers,0,device,armadillo-rollers,scalar,237vf,vf,28293,1.56136,0.535184,1.5437,1.18422,0,0,28287,0,1.65083,6,0,0,0.000263611,0.000134737
3,armadillo-rollers,0,device,armadillo-rollers,scalar,25ee,ee,163744,1.45368,1.01917,1.49842,3.72494,0,0,163707,0,4.93521,37,0,0,0.00732639,7.97408e-05
3,armadillo-rollers,0,device,armadillo-rollers,scalar,281vf,vf,62420,1.51381,0.674539,2.89447,24.3979,2,0,61973,0,53.8357,444,0,0,0.0461441,0.000316704
3,armadillo-rollers,0,device,armadillo-rollers,scalar,304ee,ee,171016,1.46984,1.80372,2.63934,17.2815,1,0,170836,0,17.276,178,0,0,0.0772344,0.000476553
3,armadillo-rollers,0,device,armadillo-rollers,scalar,326vf,vf,2032004,1.54024,1.28143,3.28758,33.4083,1,0,2027352,0,98.3506,4650,0,0,0.00336701,7.32219e-06
3,armadillo-rollers,0,device,armadillo-rollers,scalar,348vf,vf,15552,1.69387,0.562894,1.90593,2.12518,0,0,15544,0,3.16237,8,0,0,0.00193493,0.000556043
3,armadillo-rollers,0,device,armadillo-rollers,scalar,370ee,ee,123265,1.44069,1.21673,1.62523,2.35842,0,0,123203,0,4.67809,62,0,0,0.000683251,3.55072e-05
3,armadillo-rollers,0,device,armadillo-rollers,scalar,392vf,vf,18693,1.53288,0.406995,1.74084,5.9321,0,0,18664,0,6.54431,29,0,0,0.00284055,4.72728e-05
3,armadillo-rollers,0,device,armadillo-rollers,scalar,55ee,ee,67430,1.53938,1.53115,2.2798,1.40501,0,0,67378,0,3.17776,52,0,0,0.000491294,1.27703e-05
3,armadillo-rollers,0,device,armadillo-rollers,scalar,77vf,vf,25385,1.49227,0.510576,1.59771,0.999168,1,0,25383,0,1.07686,1,0,0,0.000177373,0.000177373
3,armadillo-rollers,2,host,armadillo-rollers,ti-exact,100ee,ee,225426,3.39503,1.32463,0.874885,6.34262,0,0,225361,0,2.99159,65,0,0,0.000110117,1.15441e-06
3,armadillo-rollers,2,host,armadillo-rollers,ti-exact,123ee,ee,127329,1.71995,2.73313,1.33285,3.70664,0,0,127311,0,1.62139,17,0,0,0.000402561,8.65221e-06
3,armadillo-rollers,2,host,armadillo-rollers,ti-exact,147vf,vf,15362,3.58914,0.602765,0.421682,0.462834,0,0,15355,0,1.08851,6,0,0,1.85334e-05,5.68224e-06
3,armadillo-rollers,2,host,armadillo-rollers,ti-exact,170ee,ee,50547,1.70715,1.87914,0.621677,2.8793,0,0,50515,0,1.65505,32,0,0,5.35471e-05,4.81925e-07
3,armadillo-rollers,2,host,armadillo-rollers,ti-exact,193ee,ee,60836,1.74091,1.78164,0.452178,4.98877,0,0,60793,0,2.49762,43,0,0,8.33211e-05,4.1757e-06
3,armadillo-rollers,2,host,armadillo-rollers,ti-exact,215vf,vf,17849,1.76302,0.699242,0.778728,0.541423,0,0,17843,0,2.23651,6,0,0,1.50726e-05,7.4631e-06
3,armadillo-rollers,2,host,armadillo-rollers,ti-exact,237vf,vf,28293,1.76135,0.846374,0.516016,0.662571,0,0,28287,0,1.20275,6,0,0,1.13563e-05,7.22157e-06
3,armadillo-rollers,2,host,armadillo-rollers,ti-exact,25ee,ee,163744,1.79646,1.42866,0.801671,4.20726,0,0,163707,0,1.9464,37,0,0,0.000105145,2.26707e-06
3,armadillo-rollers,2,host,armadillo-rollers,ti-exact,281vf,vf,62420,1.7818,1.25663,2.1047,41.9128,0,0,61973,0,19.2234,444,0,0,0.00169614,1.29778e-05
3,armadillo-rollers,2,host,armadillo-rollers,ti-exact,304ee,ee,171016,1.77655,2.26713,1.39186,42.9409,0,0,170836,0,4.24998,178,0,0,0.00108899,1.26773e-05
3,armadillo-rollers,2,host,armadillo-rollers,ti-exact,326vf,vf,2032004,1.75774,9.96564,5.66923,41.6282,0,0,2027352,0,29.6378,4650,0,0,0.000309233,3.35585e-07
3,armadillo-rollers,2,host,armadillo-rollers,ti-exact,348vf,vf,15552,1.78414,0.573294,0.744041,1.40037,0,0,15544,0,0.779976,8,0,0,8.12098e-05,1.83191e-05
3,armadillo-rollers,2,host,armadillo-rollers,ti-exact,370ee,ee,123265,1.84029,1.61393,0.625517,4.23011,0,0,123203,0,1.81671,62,0,0,1.33985e-05,1.41297e-06
3,armadillo-rollers,2,host,armadillo-rollers,ti-exact,392vf,vf,18693,1.72475,0.639852,0.212186,3.42466,0,0,18664,0,2.76763,29,0,0,0.000113012,1.84318e-06
3,armadillo-rollers,2,host,armadillo-rollers,ti-exact,55ee,ee,67430,1.74292,2.01642,0.493713,3.20588,0,0,67378,0,2.70788,52,0,0,2.01897e-05,6.85377e-07
3,armadillo-rollers,2,host,armadillo-rollers,ti-exact,77vf,vf,25385,1.72244,0.689578,0.247416,0.140795,1,0,25383,0,0.6443,1,0,0,1.61012e-06,1.61012e-06
3,armadillo-rollers,2,device,armadillo-rollers,ti-exact,100ee,ee,225426,2.98269,1.05558,3.68123,28.7589,0,0,225361,0,201.662,65,0,0,7.38774e-05,1.31037e-06
3,armadillo-rollers,2,device,armadillo-rollers,ti-exact,123ee,ee,127329,1.91623,1.12336,4.87169,8.54134,0,0,127311,0,232.163,17,0,0,0.000196567,4.83751e-06
3,armadillo-rollers,2,device,armadillo-rollers,ti-exact,147vf,vf,15362,1.41752,0.504177,1.91597,1.16102,0,0,15355,0,2.35846,6,0,0,1.85334e-05,5.68224e-06
3,armadillo-rollers,2,device,armadillo-rollers,ti-exact,170ee,ee,50547,1.41397,1.49624,5.4325,23.4688,0,0,50515,0,419.656,32,0,0,3.25663e-05,9.58763e-07
3,armadillo-rollers,2,device,armadillo-rollers,ti-exact,193ee,ee,60836,1.97895,1.08774,4.57045,8.16016,0,0,60793,0,537.716,43,0,0,3.75447e-05,2.86682e-06
3,armadillo-rollers,2,device,armadillo-rollers,ti-exact,215vf,vf,17849,1.56744,0.692555,1.96375,1.25001,0,0,17843,0,9.2441,6,0,0,1.50726e-05,7.4631e-06
3,armadillo-rollers,2,device,armadillo-rollers,ti-exact,237vf,vf,28293,1.54741,0.607757,1.71294,1.13408,0,0,28287,0,4.87204,6,0,0,1.13563e-05,7.22157e-06
3,armadillo-rollers,2,device,armadillo-rollers,ti-exact,25ee,ee,163744,1.4469,1.10361,2.67288,13.9893,0,0,163707,0,22.6554,37,0,0,0.000452282,1.71247e-06
3,armadillo-rollers,2,device,armadillo-rollers,ti-exact,281vf,vf,62420,1.51557,0.712938,2.96567,31.9036,0,0,61973,0,28.1122,444,0,0,0.00169614,1.29778e-05
3,armadillo-rollers,2,device,armadillo-rollers,ti-exact,304ee,ee,171016,1.49109,1.71992,8.33862,81.4015,0,0,170836,0,1771,178,0,0,0.0139422,1.21e-05
3,armadillo-rollers,2,device,armadillo-rollers,ti-exact,326vf,vf,2032004,1.61585,1.4238,4.93645,48.5918,0,0,2027352,0,60.9731,4650,0,0,0.000183109,3.17774e-07
3,armadillo-rollers,2,device,armadillo-rollers,ti-exact,348vf,vf,15552,1.74897,0.501008,1.70904,2.28975,0,0,15544,0,3.19049,8,0,0,7.05108e-05,1.83191e-05
3,armadillo-rollers,2,device,armadillo-rollers,ti-exact,370ee,ee,123265,1.50098,1.20368,3.83745,13.3285,0,0,123203,0,56.5188,62,0,0,1.7498e-05,1.13634e-06
3,armadillo-rollers,2,device,armadillo-rollers,ti-exact,392vf,vf,18693,1.52782,0.406707,2.27993,6.08887,0,0,18664,0,5.10042,29,0,0,0.000100257,1.84318e-06
3,armadillo-rollers,2,device,armadillo-rollers,ti-exact,55ee,ee,67430,1.5227,1.64734,3.86359,5.20678,0,0,67378,0,40.9642,52,0,0,1.06529e-05,7.6869e-07
3,armadillo-rollers,2,device,armadillo-rollers,ti-exact,77vf,vf,25385,1.48248,0.470737,1.58821,1.14265,1,0,25383,0,2.09562,1,0,0,1.61012e-06,1.61012e-06
3,cloth-ball,0,host,cloth-ball,scalar,22ee,ee,93162,6.76603,2.50879,0.726057,0.078333,0,0,93161,0,0.718986,1,0,0,1.68532e-07,1.68532e-07
3,cloth-ball,0,host,cloth-ball,scalar,50ee,ee,204121,6.35529,4.21142,1.31605,0.133948,0,0,204120,0,1.51023,1,0,0,3.60181e-07,3.60181e-07
3,cloth-ball,0,host,cloth-ball,scalar,58ee,ee,677743,6.33939,6.23469,4.18339,5.69093,0,0,677562,0,4.85054,181,0,0,3.01173e-06,3.54221e-07
3,cloth-ball,0,host,cloth-ball,scalar,60vf,vf,360239,6.34588,4.21753,2.17644,6.34646,0,0,360036,0,2.81412,203,0,0,4.86347e-06,4.08358e-07
3,cloth-ball,0,host,cloth-ball,scalar,63ee,ee,2949103,5.86804,12.796,15.6332,15.2139,0,0,2941276,0,28.6508,7827,0,0,2.03661e-05,3.88206e-07
3,cloth-ball,0,host,cloth-ball,scalar,65vf,vf,1572147,5.86008,6.74309,7.35696,9.08538,0,0,1568962,0,13.9187,3185,0,0,3.94606e-05,3.26039e-07
3,cloth-ball,0,host,cloth-ball,scalar,68ee,ee,6476896,5.58591,35.8331,34.1981,29.5052,0,0,6456635,0,63.3659,20261,0,0,5.7944e-05,3.68308e-07
3,cloth-ball,0,host,cloth-ball,scalar,70vf,vf,2494148,5.59176,12.1032,11.3908,8.8125,0,0,2490582,0,17.7027,3565,0,0,1.46219e-05,2.91651e-07
3,cloth-ball,0,host,cloth-ball,scalar,73ee,ee,4482728,5.49653,53.4162,25.2478,22.3205,0,0,4463939,0,47.2009,18789,0,0,0.000128736,3.13096e-07
3,cloth-ball,0,host,cloth-ball,scalar,75vf,vf,1144734,5.65282,15.0302,6.09428,8.93742,0,0,1142424,0,12.1214,2310,0,0,2.26058e-05,3.00196e-07
3,cloth-ball,0,host,cloth-ball,scalar,78ee,ee,2864389,5.7117,31.458,17.1425,12.4151,0,0,2851808,0,29.008,12581,0,0,6.7833e-05,2.7778e-07
3,cloth-ball,0,host,cloth-ball,scalar,80vf,vf,935635,5.83985,17.8668,5.19315,4.36643,0,0,933489,0,7.86401,2146,0,0,8.79892e-06,2.52018e-07
3,cloth-ball,0,host,cloth-ball,scalar,83ee,ee,2987261,5.83915,32.8021,17.5704,10.1823,0,0,2982068,0,24.0304,5193,0,0,7.23426e-05,3.43724e-07
3,cloth-ball,0,host,cloth-ball,scalar,85vf,vf,1041160,5.81829,18.839,5.64152,5.03354,0,0,1040460,0,7.07172,700,0,0,9.72061e-06,4.01329e-07
3,cloth-ball,0,host,cloth-ball,scalar,88ee,ee,3705732,5.83684,35.0033,22.7181,10.0811,0,0,3692966,0,33.6857,12766,0,0,0.000102475,2.11579e-07
3,cloth-ball,0,host,cloth-ball,scalar,90vf,vf,1340531,5.94442,16.8172,7.47033,8.20871,0,0,1334816,0,13.8761,5715,0,0,2.37597e-05,1.67815e-07
3,cloth-ball,0,device,cloth-ball,scalar,22ee,ee,93162,4.90919,1.67406,1.00346,0.981601,0,0,93161,0,1.59925,1,0,0,6.08824e-07,6.08824e-07
3,cloth-ball,0,device,cloth-ball,scalar,50ee,ee,204121,4.7203,2.19491,2.30153,1.0657,0,0,204120,0,2.28483,1,0,0,7.75592e-07,7.75592e-07
3,cloth-ball,0,device,cloth-ball,scalar,58ee,ee,677743,4.79204,2.86106,3.3861,7.48326,0,0,677562,0,12.6504,181,0,0,1.16238e-05,1.36087e-06
3,cloth-ball,0,device,cloth-ball,scalar,60vf,vf,360239,3.79435,0.920068,1.57509,11.641,0,0,360036,0,16.4167,203,0,0,1.29921e-05,1.23342e-06
3,cloth-ball,0,device,cloth-ball,scalar,63ee,ee,2949103,4.4998,2.99456,7.26726,44.4673,0,0,2941276,0,80.2352,7827,0,0,5.81944e-05,1.34005e-06
3,cloth-ball,0,device,cloth-ball,scalar,65vf,vf,1572147,4.43846,1.43935,3.48754,24.5282,0,0,1568962,0,37.5204,3185,0,0,8.06082e-05,1.05405e-06
3,cloth-ball,0,device,cloth-ball,scalar,68ee,ee,6476896,4.527,5.28579,17.1699,68.158,0,0,6456635,0,142.916,20261,0,0,9.73588e-05,1.31232e-06
3,cloth-ball,0,device,cloth-ball,scalar,70vf,vf,2494148,4.42633,2.68059,3.82759,23.2141,0,0,2490582,0,41.1654,3565,0,0,4.65105e-05,1.05607e-06
3,cloth-ball,0,device,cloth-ball,scalar,73ee,ee,4482728,3.97245,5.28598,17.6143,31.6366,0,0,4463939,0,56.1944,18789,0,0,0.000259927,1.23372e-06
3,cloth-ball,0,device,cloth-ball,scalar,75vf,vf,1144734,4.39433,2.51125,2.83454,21.5099,0,0,1142424,0,26.1044,2310,0,0,0.000100025,1.17721e-06
3,cloth-ball,0,device,cloth-ball,scalar,78ee,ee,2864389,3.78622,6.52517,7.4054,21.551,0,0,2851808,0,35.628,12581,0,0,0.00024111,1.22043e-06
3,cloth-ball,0,device,cloth-ball,scalar,80vf,vf,935635,5.38687,2.42719,2.8977,13.8693,0,0,933489,0,21.8629,2146,0,0,2.40321e-05,1.01985e-06
3,cloth-ball,0,device,cloth-ball,scalar,83ee,ee,2987261,3.90894,7.20154,8.14016,17.951,0,0,2982068,0,35.8635,5193,0,0,0.000186642,1.5159e-06
3,cloth-ball,0,device,cloth-ball,scalar,85vf,vf,1041160,4.43954,2.94557,3.86849,12.1986,0,0,1040460,0,19.3052,700,0,0,2.59659e-05,1.66257e-06
3,cloth-ball,0,device,cloth-ball,scalar,88ee,ee,3705732,3.6228,9.04475,15.3927,21.3905,0,0,3692966,0,46.5122,12766,0,0,0.000258966,9.69909e-07
3,cloth-ball,0,device,cloth-ball,scalar,90vf,vf,1340531,4.4085,3.29676,3.87962,19.7413,0,0,1334816,0,31.478,5715,0,0,5.93618e-05,7.94975e-07
3,cloth-ball,2,host,cloth-ball,ti-exact,22ee,ee,93162,6.77166,2.48943,0.509456,0.102525,0,0,93161,0,0.51496,1,0,0,1.53307e-07,1.53307e-07
3,cloth-ball,2,host,cloth-ball,ti-exact,50ee,ee,204121,6.18957,4.16659,0.865125,2.50776,0,0,204120,0,0.937123,1,0,0,2.09448e-07,2.09448e-07
3,cloth-ball,2,host,cloth-ball,ti-exact,58ee,ee,677743,6.25933,6.12288,2.45676,17.063,0,0,677562,0,4.16435,181,0,0,2.70035e-06,3.5091e-07
3,cloth-ball,2,host,cloth-ball,ti-exact,60vf,vf,360239,6.3543,4.1616,1.41682,9.85243,0,0,360036,0,2.08835,203,0,0,2.39565e-06,2.88344e-07
3,cloth-ball,2,host,cloth-ball,ti-exact,63ee,ee,2949103,5.86478,12.8768,9.73058,34.8712,0,0,2941276,0,24.1589,7827,0,0,1.07755e-05,3.30351e-07
3,cloth-ball,2,host,cloth-ball,ti-exact,65vf,vf,1572147,5.7572,8.55494,4.76376,14.2309,0,0,1568962,0,10.8498,3185,0,0,1.42209e-05,2.73003e-07
3,cloth-ball,2,host,cloth-ball,ti-exact,68ee,ee,6476896,5.65861,36.3228,21.075,43.507,0,0,6456635,0,51.9948,20261,0,0,2.31303e-05,3.18002e-07
3,cloth-ball,2,host,cloth-ball,ti-exact,70vf,vf,2494148,5.55848,12.4291,7.33821,12.735,0,0,2490582,0,12.7056,3565,0,0,1.34795e-05,2.67299e-07
3,cloth-ball,2,host,cloth-ball,ti-exact,73ee,ee,4482728,5.56357,39.7206,15.586,27.9755,0,0,4463939,0,38.8867,18789,0,0,3.01405e-05,2.8631e-07
3,cloth-ball,2,host,cloth-ball,ti-exact,75vf,vf,1144734,5.5942,15.177,3.83159,12.6371,0,0,1142424,0,8.63189,2310,0,0,3.31131e-05,2.70562e-07
3,cloth-ball,2,host,cloth-ball,ti-exact,78ee,ee,2864389,5.58005,31.6716,10.5756,16.536,0,0,2851808,0,22.4465,12581,0,0,4.70147e-05,2.71893e-07
3,cloth-ball,2,host,cloth-ball,ti-exact,80vf,vf,935635,5.65733,18.0142,3.3238,6.71432,0,0,933489,0,5.61954,2146,0,0,4.79818e-06,2.38319e-07
3,cloth-ball,2,host,cloth-ball,ti-exact,83ee,ee,2987261,5.77448,32.3311,10.9876,17.1981,0,0,2982068,0,17.9969,5193,0,0,2.66115e-05,3.3254e-07
3,cloth-ball,2,host,cloth-ball,ti-exact,85vf,vf,1041160,5.8178,18.4105,3.6005,6.75842,0,0,1040460,0,4.71467,700,0,0,5.81867e-06,3.85447e-07
3,cloth-ball,2,host,cloth-ball,ti-exact,88ee,ee,3705732,5.68456,35.2118,14.0295,15.7451,0,0,3692966,0,25.1209,12766,0,0,3.00133e-05,2.44129e-07
3,cloth-ball,2,host,cloth-ball,ti-exact,90vf,vf,1340531,5.96871,16.717,4.77646,8.57145,0,0,1334816,0,10.4398,5715,0,0,2.20605e-05,2.18863e-07
3,cloth-ball,2,device,cloth-ball,ti-exact,22ee,ee,93162,5.08519,1.69259,1.26895,1.12025,0,0,93161,0,1.67774,1,0,0,9.37027e-08,9.37027e-08
3,cloth-ball,2,device,cloth-ball,ti-exact,50ee,ee,204121,4.72142,2.22054,5.03165,1.19372,0,0,204120,0,2.60594,1,0,0,9.02387e-08,9.02387e-08
3,cloth-ball,2,device,cloth-ball,ti-exact,58ee,ee,677743,4.31324,2.8675,4.1143,24.0799,0,0,677562,0,29.0408,181,0,0,2.70035e-06,1.54528e-07
3,cloth-ball,2,device,cloth-ball,ti-exact,60vf,vf,360239,3.8082,0.923524,1.78356,4.17552,0,0,360036,0,6.99639,203,0,0,1.44198e-06,1.12372e-07
3,cloth-ball,2,device,cloth-ball,ti-exact,63ee,ee,2949103,4.29964,2.95028,7.25024,65.1739,0,0,2941276,0,147.056,7827,0,0,1.07833e-05,1.71961e-07
3,cloth-ball,2,device,cloth-ball,ti-exact,65vf,vf,1572147,4.44102,1.49464,3.84913,30.1271,0,0,1568962,0,49.6007,3185,0,0,6.70051e-06,1.02485e-07
3,cloth-ball,2,device,cloth-ball,ti-exact,68ee,ee,6476896,3.93905,5.29097,15.5654,77.0748,0,0,6456635,0,213.428,20261,0,0,1.73123e-05,1.5961e-07
3,cloth-ball,2,device,cloth-ball,ti-exact,70vf,vf,2494148,4.50533,2.68341,4.24918,35.2729,0,0,2490582,0,53.0761,3565,0,0,4.47919e-06,9.83965e-08
3,cloth-ball,2,device,cloth-ball,ti-exact,73ee,ee,4482728,3.85857,5.20301,17.4658,70.0367,0,0,4463939,0,94.0302,18789,0,0,2.48081e-05,1.37257e-07
3,cloth-ball,2,device,cloth-ball,ti-exact,75vf,vf,1144734,4.46569,2.51311,3.03107,34.3626,0,0,1142424,0,47.0247,2310,0,0,1.07018e-05,9.96511e-08
3,cloth-ball,2,device,cloth-ball,ti-exact,78ee,ee,2864389,3.8715,6.11959,8.10785,59.1603,0,0,2851808,0,67.2298,12581,0,0,4.70147e-05,1.24222e-07
3,cloth-ball,2,device,cloth-ball,ti-exact,80vf,vf,935635,4.67365,2.69153,2.98218,6.76952,0,0,933489,0,11.9905,2146,0,0,2.17779e-06,8.65258e-08
3,cloth-ball,2,device,cloth-ball,ti-exact,83ee,ee,2987261,3.73489,7.16148,8.78155,52.9578,0,0,2982068,0,68.7509,5193,0,0,2.5342e-05,1.68034e-07
3,cloth-ball,2,device,cloth-ball,ti-exact,85vf,vf,1041160,5.0873,2.81034,3.62149,7.81749,0,0,1040460,0,13.9161,700,0,0,2.1831e-06,1.45715e-07
3,cloth-ball,2,device,cloth-ball,ti-exact,88ee,ee,3705732,3.79598,9.02247,16.1906,59.6725,0,0,3692966,0,77.7728,12766,0,0,0.000250664,9.12121e-08
3,cloth-ball,2,device,cloth-ball,ti-exact,90vf,vf,1340531,4.52706,3.25462,4.02724,23.0172,0,0,1334816,0,30.9648,5715,0,0,8.35142e-06,6.53562e-08
