dataset,phase,mode,queries,hits,false_negative,false_positive,late,near_zero_ref,gt_false_negative,relerr_mean,relerr_median,relerr_p95,abserr_p95,abserr_max,ms,gt_checked,gt_missed,gt_late,gt_worst_overshoot,med_early,max_early
armadillo-rollers,VF,relaxed,32337,32196,1,75,74,7,0,0.0026069530772619351,0.00010996348157075225,0.011156198242850097,0.0012129757407339514,0.94137744218742014,1792.406433,32102,0,0,0,6.436602736933179e-05,0.94143064917932029
armadillo-rollers,VF,tight,32337,32122,0,0,0,8,0,0,0,0,0,0,2473.367441,32102,0,0,0,3.7417447448992447e-06,0.0093890940481877183
armadillo-rollers,VF,device-relaxed,32337,32248,0,126,0,8,0,0.0045937858028305819,0.00026462935969628453,0.021439472890979427,0.0023758432779950878,0.94134247435755314,1439.611042,32102,0,0,0,0.00010502296875269934,0.94139568134945328
armadillo-rollers,VF,device-tight,32337,32122,0,0,952,8,0,2.1709407524106753e-06,0,4.7821308983998031e-07,1.1920928955078125e-07,0.0001493990421295166,1635.246706,32102,0,0,0,3.7417447448992447e-06,0.0093890940481877183
armadillo-rollers,VF,ti-reference,32337,32122,0,0,0,0,0,0,0,0,0,0,7231.023756,32102,0,0,0,3.7417447448992447e-06,0.0093890940481877183
armadillo-rollers,EE,relaxed,99104,98895,0,134,256,1,0,0.0026434835548500377,6.2988238146117817e-05,0.012277412881343066,0.0010456773025256522,0.73713611063495366,2906.351091,98757,0,0,0,3.4710355238713958e-05,0.73721174951381274
armadillo-rollers,EE,tight,99104,98761,0,0,0,1,0,0,0,0,0,0,5865.390423,98757,0,0,0,3.1098588800511189e-06,0.01604936966130488
armadillo-rollers,EE,device-relaxed,99104,98933,0,172,0,1,0,0.0042713115632024568,0.00013358972429883883,0.022093056466302205,0.0017150848455661505,0.73731125636675654,1883.090705,98757,0,0,0,7.6011653382161704e-05,0.73738689524561563
armadillo-rollers,EE,device-tight,99104,98761,0,0,2474,1,0,2.3152902297330915e-06,0,5.4320724768838153e-08,2.2351741790771484e-08,0.0010300427675247192,2344.512219,98757,0,0,0,3.1148907577449331e-06,0.01604936966130488
armadillo-rollers,EE,ti-reference,99104,98761,0,0,0,0,0,0,0,0,0,0,10113.418564,98757,0,0,0,3.1098588800511189e-06,0.01604936966130488
armadillo-rollers,VF,relaxed,32337,32196,1,75,74,7,0,0.0026069530772619351,0.00010996348157075225,0.011156198242850097,0.0012129757407339514,0.94137744218742014,1804.344008,32102,0,0,0,6.436602736933179e-05,0.94143064917932029
armadillo-rollers,VF,tight,32337,32122,0,0,0,8,0,0,0,0,0,0,2483.023179,32102,0,0,0,3.7417447448992447e-06,0.0093890940481877183
armadillo-rollers,VF,device-relaxed,32337,32248,0,126,0,8,0,0.0045926282871854148,0.00026483853735968012,0.021371181548705629,0.0023885592994151578,0.94139992390478744,1406.304344,32102,0,0,0,0.00010581480789111086,0.94145313089668758
armadillo-rollers,VF,device-tight,32337,32122,0,0,951,8,0,2.1575612768673258e-06,0,3.6941299782095586e-07,1.1920928955078125e-07,0.00020869076251983643,1603.374249,32102,0,0,0,3.7417447448992447e-06,0.0093890940481877183
armadillo-rollers,VF,ti-reference,32337,32122,0,0,0,0,0,0,0,0,0,0,7230.574658,32102,0,0,0,3.7417447448992447e-06,0.0093890940481877183
armadillo-rollers,EE,relaxed,99104,98895,0,134,256,1,0,0.0026434835548500377,6.2988238146117817e-05,0.012277412881343066,0.0010456773025256522,0.73713611063495366,2908.782050,98757,0,0,0,3.4710355238713958e-05,0.73721174951381274
armadillo-rollers,EE,tight,99104,98761,0,0,0,1,0,0,0,0,0,0,5858.309576,98757,0,0,0,3.1098588800511189e-06,0.01604936966130488
armadillo-rollers,EE,device-relaxed,99104,98933,0,172,0,1,0,0.004272425695238535,0.00013367532802822707,0.022067879922185576,0.0017215780925567137,0.73731125636675654,1876.470195,98757,0,0,0,7.5978898679321047e-05,0.73738689524561563
armadillo-rollers,EE,device-tight,99104,98761,0,0,2436,1,0,2.1798775841401684e-06,0,3.0427276860956594e-08,1.4901161193847656e-08,0.00055575370788574219,2360.802880,98757,0,0,0,3.145382608604275e-06,0.01604936966130488
armadillo-rollers,EE,ti-reference,99104,98761,0,0,0,0,0,0,0,0,0,0,10108.369002,98757,0,0,0,3.1098588800511189e-06,0.01604936966130488
armadillo-rollers,VF,relaxed,32337,32196,1,75,74,7,0,0.0026069530772619351,0.00010996348157075225,0.011156198242850097,0.0012129757407339514,0.94137744218742014,1794.007656,32102,0,0,0,6.436602736933179e-05,0.94143064917932029
armadillo-rollers,VF,tight,32337,32122,0,0,0,8,0,0,0,0,0,0,2469.748094,32102,0,0,0,3.7417447448992447e-06,0.0093890940481877183
armadillo-rollers,VF,device-relaxed,32337,32248,0,126,0,8,0,0.0045871935761783392,0.00026371219443374519,0.021371034074179618,0.0024086164194617177,0.94138936584207378,1430.636625,32102,0,0,0,0.00010581480789111086,0.94144257283397392
armadillo-rollers,VF,device-tight,32337,32122,0,0,1002,8,0,2.1963021824392854e-06,0,6.0063042169060644e-07,1.4901161193847656e-07,0.00023721903562545776,1626.149356,32102,0,0,0,3.7417447448992447e-06,0.0091523443991398667
armadillo-rollers,VF,ti-reference,32337,32122,0,0,0,0,0,0,0,0,0,0,7227.550223,32102,0,0,0,3.7417447448992447e-06,0.0093890940481877183
armadillo-rollers,EE,relaxed,99104,98895,0,134,256,1,0,0.0026434835548500377,6.2988238146117817e-05,0.012277412881343066,0.0010456773025256522,0.73713611063495366,2905.752459,98757,0,0,0,3.4710355238713958e-05,0.73721174951381274
armadillo-rollers,EE,tight,99104,98761,0,0,0,1,0,0,0,0,0,0,5869.835621,98757,0,0,0,3.1098588800511189e-06,0.01604936966130488
armadillo-rollers,EE,device-relaxed,99104,98933,0,172,0,1,0,0.0042742172373764608,0.00013355201188989103,0.02202117787616055,0.0017206389278408007,0.73732866018073207,1873.493069,98757,0,0,0,7.5879198824438951e-05,0.73740429905959115
armadillo-rollers,EE,device-tight,99104,98761,0,0,2461,1,0,2.1775637944984864e-06,0,2.982627981584062e-08,1.4901161193847656e-08,0.00099787116050720215,2345.322303,98757,0,0,0,3.1302180141532313e-06,0.01604936966130488
armadillo-rollers,EE,ti-reference,99104,98761,0,0,0,0,0,0,0,0,0,0,10132.888458,98757,0,0,0,3.1098588800511189e-06,0.01604936966130488
cloth-ball,VF,relaxed,107257,107252,0,0,3502,0,0,2.8345581725739578e-06,3.1036471530111602e-07,4.1471986398487945e-06,8.7091338929479178e-07,6.2308699341651064e-05,282.243396,107252,0,0,0,2.9574692873152175e-07,7.8597239890620951e-05
cloth-ball,VF,tight,107257,107252,0,0,0,0,0,0,0,0,0,0,399.066101,107252,0,0,0,9.7566596940490413e-08,2.8789610914015107e-05
cloth-ball,VF,device-relaxed,107257,107252,0,0,0,0,0,1.2164131301609768e-05,1.9106858364638383e-06,1.979141005533598e-05,3.382707312427069e-06,0.0001836210861220211,377.231737,107252,0,0,0,1.0929885490423841e-06,0.00020900701354809037
cloth-ball,VF,device-tight,107257,107252,0,0,704,0,0,4.3597659526458882e-09,0,0,0,4.1002640500664711e-06,341.146140,107252,0,0,0,9.7594895609454113e-08,2.4689346863948636e-05
cloth-ball,VF,ti-reference,107257,107252,0,0,0,0,0,0,0,0,0,0,1280.168116,107252,0,0,0,9.7566596940490413e-08,2.8789610914015107e-05
cloth-ball,EE,relaxed,557683,557669,0,1,19396,1,0,3.8592948904496597e-06,3.3384107932409945e-07,5.0962523151343815e-06,9.4034617725835545e-07,0.00043651174079573085,650.155408,557667,0,0,0,3.1270002431860178e-07,0.00054020385066955168
cloth-ball,EE,tight,557683,557668,0,0,0,1,0,0,0,0,0,0,1038.383114,557667,0,0,0,1.0510701575761061e-07,0.00010369210987382083
cloth-ball,EE,device-relaxed,557683,557669,0,1,0,1,0,1.838064150908589e-05,2.018733283989146e-06,2.5030267821224991e-05,3.7831023121659424e-06,0.00079751358661250826,521.785242,557667,0,0,0,1.1324103830201437e-06,0.00090120569648632909
cloth-ball,EE,device-tight,557683,557668,0,0,3419,1,0,7.8733436124035244e-09,0,0,0,2.644956111907959e-06,490.705162,557667,0,0,0,1.0515510551201146e-07,0.00010369210987382083
cloth-ball,EE,ti-reference,557683,557668,0,0,0,0,0,0,0,0,0,0,2651.052186,557667,0,0,0,1.0510701575761061e-07,0.00010369210987382083
cloth-ball,VF,relaxed,107257,107252,0,0,3502,0,0,2.8345581725739578e-06,3.1036471530111602e-07,4.1471986398487945e-06,8.7091338929479178e-07,6.2308699341651064e-05,282.208135,107252,0,0,0,2.9574692873152175e-07,7.8597239890620951e-05
cloth-ball,VF,tight,107257,107252,0,0,0,0,0,0,0,0,0,0,399.794873,107252,0,0,0,9.7566596940490413e-08,2.8789610914015107e-05
cloth-ball,VF,device-relaxed,107257,107252,0,0,0,0,0,1.2208031309150821e-05,1.9124909689138899e-06,1.9816499977500192e-05,3.3793873500664873e-06,0.00019394802541872203,372.244482,107252,0,0,0,1.0893065034989213e-06,0.00021542904212984437
cloth-ball,VF,device-tight,107257,107252,0,0,744,0,0,3.4243794867080293e-09,0,0,0,1.3231110642664135e-06,341.289685,107252,0,0,0,9.7535132078524489e-08,2.7466499849748693e-05
cloth-ball,VF,ti-reference,107257,107252,0,0,0,0,0,0,0,0,0,0,1280.779083,107252,0,0,0,9.7566596940490413e-08,2.8789610914015107e-05
cloth-ball,EE,relaxed,557683,557669,0,1,19396,1,0,3.8592948904496597e-06,3.3384107932409945e-07,5.0962523151343815e-06,9.4034617725835545e-07,0.00043651174079573085,647.748789,557667,0,0,0,3.1270002431860178e-07,0.00054020385066955168
cloth-ball,EE,tight,557683,557668,0,0,0,1,0,0,0,0,0,0,1036.758424,557667,0,0,0,1.0510701575761061e-07,0.00010369210987382083
cloth-ball,EE,device-relaxed,557683,557669,0,1,0,1,0,1.8508092712066255e-05,2.0186048299803933e-06,2.5044937627959516e-05,3.7864844589785562e-06,0.0007927177875065583,517.347239,557667,0,0,0,1.1324103830201437e-06,0.00089640989738037913
cloth-ball,EE,device-tight,557683,557668,0,0,3396,1,0,5.2162257908081591e-09,0,0,0,3.5652192309498787e-06,486.371067,557667,0,0,0,1.0512782822047484e-07,0.00010369210987382083
cloth-ball,EE,ti-reference,557683,557668,0,0,0,0,0,0,0,0,0,0,2655.492121,557667,0,0,0,1.0510701575761061e-07,0.00010369210987382083
cloth-ball,VF,relaxed,107257,107252,0,0,3502,0,0,2.8345581725739578e-06,3.1036471530111602e-07,4.1471986398487945e-06,8.7091338929479178e-07,6.2308699341651064e-05,281.735316,107252,0,0,0,2.9574692873152175e-07,7.8597239890620951e-05
cloth-ball,VF,tight,107257,107252,0,0,0,0,0,0,0,0,0,0,398.489468,107252,0,0,0,9.7566596940490413e-08,2.8789610914015107e-05
cloth-ball,VF,device-relaxed,107257,107252,0,0,0,0,0,1.2142292118150792e-05,1.9063728996590184e-06,1.9789081920951603e-05,3.3792957528089307e-06,0.00019602782384897655,367.434039,107252,0,0,0,1.0903200454298601e-06,0.00021750884056009889
cloth-ball,VF,device-tight,107257,107252,0,0,670,0,0,2.8356675265779575e-09,0,0,0,2.3612519726157188e-06,342.436081,107252,0,0,0,9.7673116206120625e-08,2.6428358941399388e-05
cloth-ball,VF,ti-reference,107257,107252,0,0,0,0,0,0,0,0,0,0,1275.976512,107252,0,0,0,9.7566596940490413e-08,2.8789610914015107e-05
cloth-ball,EE,relaxed,557683,557669,0,1,19396,1,0,3.8592948904496597e-06,3.3384107932409945e-07,5.0962523151343815e-06,9.4034617725835545e-07,0.00043651174079573085,647.478011,557667,0,0,0,3.1270002431860178e-07,0.00054020385066955168
cloth-ball,EE,tight,557683,557668,0,0,0,1,0,0,0,0,0,0,1036.485826,557667,0,0,0,1.0510701575761061e-07,0.00010369210987382083
cloth-ball,EE,device-relaxed,557683,557669,0,1,0,1,0,1.8380221115929793e-05,2.0183374818739492e-06,2.5020057871485772e-05,3.785401111067177e-06,0.00078607326249557907,513.963309,557667,0,0,0,1.1324103830201437e-06,0.0008897653723693999
cloth-ball,EE,device-tight,557683,557668,0,0,3286,1,0,1.4473537525967253e-08,0,0,0,1.5422701835632324e-06,494.821146,557667,0,0,0,1.0514587650556351e-07,0.00010369210987382083
cloth-ball,EE,ti-reference,557683,557668,0,0,0,0,0,0,0,0,0,0,2654.559448,557667,0,0,0,1.0510701575761061e-07,0.00010369210987382083
cloth-funnel,VF,relaxed,801,760,0,231,5,37,0,0.2412218327222711,0.066117498824692866,0.9898407826524066,0.20152059702932101,0.99723172913266289,79.446500,524,0,0,0,0.01557235445967986,0.99734854479380963
cloth-funnel,VF,tight,801,529,0,0,0,37,0,0,0,0,0,0,243.081683,524,0,0,0,0.00033266310342427996,0.0266977432261436
cloth-funnel,VF,device-relaxed,801,781,0,252,0,37,0,0.31460440614238427,0.098055729688685367,1,0.24024979950054492,0.99724960327148438,323.244230,524,0,0,0,0.027630179307857994,0.99736641893263112
cloth-funnel,VF,device-tight,801,529,0,0,12,37,0,0.0021764710172563267,0,7.0102041809405168e-05,1.52587890625e-05,0.0013870894908905029,421.053991,524,0,0,0,0.00033266310342427996,0.0266977432261436
cloth-funnel,VF,ti-reference,801,529,0,0,0,0,0,0,0,0,0,0,1197.433095,524,0,0,0,0.00033266310342427996,0.0266977432261436
cloth-funnel,EE,relaxed,6751,6700,0,441,10,3546,0,0.12550984294820805,0.011419409129045693,0.87377692672040819,0.08856265431587329,0.98465193507518334,657.947612,6249,0,0,0,0,0.9996695440176846
cloth-funnel,EE,tight,6751,6259,0,0,0,3546,0,0,0,0,0,0,1261.307275,6249,0,0,0,0,0.99967104470734203
cloth-funnel,EE,device-relaxed,6751,6734,0,475,0,3546,0,0.16043285367475835,0.017919226721100683,1,0.123779296875,0.98878765624381204,669.937517,6249,0,0,0,0,0.99967104470734203
cloth-funnel,EE,device-tight,6751,6259,0,0,72,3546,0,4.5271470206055584e-05,0,7.5280442755141367e-07,0,0.03267669677734375,1134.932073,6249,0,0,0,0,0.99967104470734203
cloth-funnel,EE,ti-reference,6751,6259,0,0,0,0,0,0,0,0,0,0,2874.374833,6249,0,0,0,0,0.99967104470734203
cloth-funnel,VF,relaxed,801,760,0,231,5,37,0,0.2412218327222711,0.066117498824692866,0.9898407826524066,0.20152059702932101,0.99723172913266289,80.657850,524,0,0,0,0.01557235445967986,0.99734854479380963
cloth-funnel,VF,tight,801,529,0,0,0,37,0,0,0,0,0,0,244.158569,524,0,0,0,0.00033266310342427996,0.0266977432261436
cloth-funnel,VF,device-relaxed,801,781,0,252,0,37,0,0.31397092713797697,0.098371514164120766,1,0.24024979950054492,0.99724960327148438,329.696898,524,0,0,0,0.028245157651951236,0.99736641893263112
cloth-funnel,VF,device-tight,801,529,0,0,12,37,0,0.0021541334034838986,0,8.3545552945441456e-05,8.8736414909362793e-06,0.0014481381887758715,415.542263,524,0,0,0,0.00033266310342427996,0.0266977432261436
cloth-funnel,VF,ti-reference,801,529,0,0,0,0,0,0,0,0,0,0,1199.080404,524,0,0,0,0.00033266310342427996,0.0266977432261436
cloth-funnel,EE,relaxed,6751,6700,0,441,10,3546,0,0.12550984294820805,0.011419409129045693,0.87377692672040819,0.08856265431587329,0.98465193507518334,667.752978,6249,0,0,0,0,0.9996695440176846
cloth-funnel,EE,tight,6751,6259,0,0,0,3546,0,0,0,0,0,0,1261.948233,6249,0,0,0,0,0.99967104470734203
cloth-funnel,EE,device-relaxed,6751,6734,0,475,0,3546,0,0.16018889415763038,0.01712779528995759,1,0.12382812499999996,0.98878765624381204,689.791259,6249,0,0,0,0,0.99967104470734203
cloth-funnel,EE,device-tight,6751,6259,0,0,67,3546,0,5.3378323583664803e-05,0,1.4340914514382216e-06,0,0.0042185783386230469,1130.444994,6249,0,0,0,0,0.99967104470734203
cloth-funnel,EE,ti-reference,6751,6259,0,0,0,0,0,0,0,0,0,0,2872.878321,6249,0,0,0,0,0.99967104470734203
cloth-funnel,VF,relaxed,801,760,0,231,5,37,0,0.2412218327222711,0.066117498824692866,0.9898407826524066,0.20152059702932101,0.99723172913266289,77.500857,524,0,0,0,0.01557235445967986,0.99734854479380963
cloth-funnel,VF,tight,801,529,0,0,0,37,0,0,0,0,0,0,240.184067,524,0,0,0,0.00033266310342427996,0.0266977432261436
cloth-funnel,VF,device-relaxed,801,781,0,252,0,37,0,0.31372046186819202,0.1015870627824417,1,0.24024979950054492,0.99724960327148438,318.388979,524,0,0,0,0.028245157651951236,0.99736641893263112
cloth-funnel,VF,device-tight,801,529,0,0,16,37,0,0.0021617020978860532,0,0.0001178059814023624,1.1444091796875e-05,0.00140380859375,411.645141,524,0,0,0,0.00033266310342427996,0.0266977432261436
cloth-funnel,VF,ti-reference,801,529,0,0,0,0,0,0,0,0,0,0,1189.282418,524,0,0,0,0.00033266310342427996,0.0266977432261436
cloth-funnel,EE,relaxed,6751,6700,0,441,10,3546,0,0.12550984294820805,0.011419409129045693,0.87377692672040819,0.08856265431587329,0.98465193507518334,677.892048,6249,0,0,0,0,0.9996695440176846
cloth-funnel,EE,tight,6751,6259,0,0,0,3546,0,0,0,0,0,0,1285.920462,6249,0,0,0,0,0.99967104470734203
cloth-funnel,EE,device-relaxed,6751,6734,0,475,0,3546,0,0.16016438993310456,0.017562014472882526,1,0.12359308750532572,0.98878765624381204,650.452321,6249,0,0,0,0,0.99967104470734203
cloth-funnel,EE,device-tight,6751,6259,0,0,64,3546,0,6.8779235101537996e-05,0,1.6712918120071546e-06,0,0.03267669677734375,1149.365468,6249,0,0,0,0,0.99967104470734203
cloth-funnel,EE,ti-reference,6751,6259,0,0,0,0,0,0,0,0,0,0,2934.738229,6249,0,0,0,0,0.99967104470734203
n-body-simulation,VF,relaxed,547907,547873,0,0,61633,86400,0,8.5053869697242424e-07,2.7429726181220515e-08,1.0285123454720675e-06,1.9656207042584306e-07,0.00013598120321078877,435.613267,547870,0,0,0,1.8374746280080956e-08,0.00015309974138766336
n-body-simulation,VF,tight,547907,547873,0,0,0,86400,0,0,0,0,0,0,479.365337,547870,0,0,0,1.1705486996360648e-08,1.8711611497468361e-05
n-body-simulation,VF,device-relaxed,547907,547877,0,4,0,86400,0,3.8437258374424483e-06,3.1345958911397585e-07,5.3027697308937472e-06,7.4811825290233003e-07,0.00023434642960018515,649.826205,547870,0,0,0,1.026555599553669e-07,0.00025146496777705973
n-body-simulation,VF,device-tight,547907,547874,0,1,1065,86400,0,1.5200169859671733e-09,0,0,0,6.2771141529083252e-07,627.832106,547870,0,0,0,1.1704012897739702e-08,1.8711611497468361e-05
n-body-simulation,VF,ti-reference,547907,547873,0,0,0,0,0,0,0,0,0,0,1910.853789,547870,0,0,0,1.1705486996360648e-08,1.8711611497468361e-05
n-body-simulation,EE,relaxed,2399812,2399747,0,1,376526,171680,0,5.1016959815932673e-07,2.4184093717221985e-08,8.1497293207406381e-07,1.686228063846329e-07,0.0010849694797079312,6603.298249,2399741,0,0,0,1.7940410562515552e-08,0.0012743320459653873
n-body-simulation,EE,tight,2399812,2399746,0,0,0,171680,0,0,0,0,0,0,1501.270015,2399741,0,0,0,1.137741598069425e-08,0.00018936256625745607
n-body-simulation,EE,device-relaxed,2399812,2399762,0,16,0,171680,0,2.9318258415238565e-06,3.0085364717242705e-07,4.7805604654589162e-06,7.0216096936803751e-07,0.0023693313913967229,1086.673422,2399741,0,0,0,1.0977839348669249e-07,0.002558693957654179
n-body-simulation,EE,device-tight,2399812,2399746,0,0,4339,171680,0,8.9581591193969024e-10,0,0,0,1.2670349576637818e-05,878.518866,2399741,0,0,0,1.1378450348598079e-08,0.00017669221668081825
n-body-simulation,EE,ti-reference,2399812,2399746,0,0,0,0,0,0,0,0,0,0,5094.114080,2399741,0,0,0,1.137741598069425e-08,0.00018936256625745607
n-body-simulation,VF,relaxed,547907,547873,0,0,61633,86400,0,8.5053869697242424e-07,2.7429726181220515e-08,1.0285123454720675e-06,1.9656207042584306e-07,0.00013598120321078877,437.885810,547870,0,0,0,1.8374746280080956e-08,0.00015309974138766336
n-body-simulation,VF,tight,547907,547873,0,0,0,86400,0,0,0,0,0,0,478.724837,547870,0,0,0,1.1705486996360648e-08,1.8711611497468361e-05
n-body-simulation,VF,device-relaxed,547907,547877,0,4,0,86400,0,3.8576576819158379e-06,3.1314902805370214e-07,5.3018323324477592e-06,7.4733972565965701e-07,0.00024147918411510094,636.569650,547870,0,0,0,1.028093813762454e-07,0.00025859772229197553
n-body-simulation,VF,device-tight,547907,547874,0,1,1117,86400,0,1.1302295560787683e-09,0,0,0,1.0175863280892372e-06,630.698524,547870,0,0,0,1.1705927021113394e-08,1.8711611497468361e-05
n-body-simulation,VF,ti-reference,547907,547873,0,0,0,0,0,0,0,0,0,0,1913.604711,547870,0,0,0,1.1705486996360648e-08,1.8711611497468361e-05
n-body-simulation,EE,relaxed,2399812,2399747,0,1,376526,171680,0,5.1016959815932673e-07,2.4184093717221985e-08,8.1497293207406381e-07,1.686228063846329e-07,0.0010849694797079312,6611.557227,2399741,0,0,0,1.7940410562515552e-08,0.0012743320459653873
n-body-simulation,EE,tight,2399812,2399746,0,0,0,171680,0,0,0,0,0,0,1504.285526,2399741,0,0,0,1.137741598069425e-08,0.00018936256625745607
n-body-simulation,EE,device-relaxed,2399812,2399762,0,16,0,171680,0,2.9313047400631277e-06,3.009866156948882e-07,4.7799325677078924e-06,7.0303249544156898e-07,0.0023201923450280049,1083.710292,2399741,0,0,0,1.0982934825487511e-07,0.0025095549112854609
n-body-simulation,EE,device-tight,2399812,2399746,0,0,4240,171680,0,9.8401245993728316e-10,0,0,0,2.2239983081817627e-06,870.108970,2399741,0,0,0,1.1377860709149701e-08,0.00018936256625745607
n-body-simulation,EE,ti-reference,2399812,2399746,0,0,0,0,0,0,0,0,0,0,5110.706256,2399741,0,0,0,1.137741598069425e-08,0.00018936256625745607
n-body-simulation,VF,relaxed,547907,547873,0,0,61633,86400,0,8.5053869697242424e-07,2.7429726181220515e-08,1.0285123454720675e-06,1.9656207042584306e-07,0.00013598120321078877,437.390552,547870,0,0,0,1.8374746280080956e-08,0.00015309974138766336
n-body-simulation,VF,tight,547907,547873,0,0,0,86400,0,0,0,0,0,0,478.570339,547870,0,0,0,1.1705486996360648e-08,1.8711611497468361e-05
n-body-simulation,VF,device-relaxed,547907,547877,0,4,0,86400,0,3.828945593762203e-06,3.1338245320531207e-07,5.2870499568763775e-06,7.4730382071397372e-07,0.00024240360727623145,653.309308,547870,0,0,0,1.0293672714212221e-07,0.00025952214545310603
n-body-simulation,VF,device-tight,547907,547874,0,1,1154,86400,0,2.980693073556213e-09,0,0,0,8.7171792984008789e-07,645.430617,547870,0,0,0,1.170169993021386e-08,1.8711611497468361e-05
n-body-simulation,VF,ti-reference,547907,547873,0,0,0,0,0,0,0,0,0,0,1908.880741,547870,0,0,0,1.1705486996360648e-08,1.8711611497468361e-05
n-body-simulation,EE,relaxed,2399812,2399747,0,1,376526,171680,0,5.1016959815932673e-07,2.4184093717221985e-08,8.1497293207406381e-07,1.686228063846329e-07,0.0010849694797079312,6571.757125,2399741,0,0,0,1.7940410562515552e-08,0.0012743320459653873
n-body-simulation,EE,tight,2399812,2399746,0,0,0,171680,0,0,0,0,0,0,1493.867019,2399741,0,0,0,1.137741598069425e-08,0.00018936256625745607
n-body-simulation,EE,device-relaxed,2399812,2399762,0,16,0,171680,0,2.935203447414492e-06,3.0096861207206124e-07,4.7802429804192763e-06,7.0263712199924999e-07,0.0023201923450280049,1091.377055,2399741,0,0,0,1.0989447645631811e-07,0.0025095549112854609
n-body-simulation,EE,device-tight,2399812,2399746,0,0,4255,171680,0,6.7026187142654294e-10,0,0,0,2.5458384698140435e-06,876.885704,2399741,0,0,0,1.1377559887282285e-08,0.00019110600211713624
n-body-simulation,EE,ti-reference,2399812,2399746,0,0,0,0,0,0,0,0,0,0,5077.730098,2399741,0,0,0,1.137741598069425e-08,0.00018936256625745607
puffer-ball,VF,relaxed,307220,307219,0,7543,0,0,0,0.085838357860223466,0.028101834427830368,0.3859407977938249,0.11131775626068077,0.97478558420562544,75.047806,299533,0,0,0,0.046773716651400801,0.97479446020896321
puffer-ball,VF,tight,307220,299676,0,0,0,0,0,0,0,0,0,0,543.015713,299533,0,0,0,4.5808112397932588e-05,0.050448092099271258
puffer-ball,VF,device-relaxed,307220,307219,0,7543,0,0,0,0.089441761335078668,0.029658887031849868,0.39624240679429956,0.11391223144531248,0.97456174345406876,247.758792,299533,0,0,0,0.046187517358863665,0.97457061945740653
puffer-ball,VF,device-tight,307220,299698,0,22,5317,0,0,1.9975414832912969e-06,0,0,0,0.00086942501366138458,616.579687,299533,0,0,0,4.5649850238083101e-05,0.050450030181549033
puffer-ball,VF,ti-reference,307220,299676,0,0,0,0,0,0,0,0,0,0,1731.878650,299533,0,0,0,4.5808112397932588e-05,0.050448092099271258
puffer-ball,EE,relaxed,1206952,1206951,0,19301,0,0,0,0.081129268244782476,0.024329836925355286,0.38234552994661469,0.10350412808641979,0.96061337878580921,209.177758,1187257,0,0,0,0.035728502863147882,0.96062579186342101
puffer-ball,EE,tight,1206952,1187650,0,0,0,0,0,0,0,0,0,0,1712.565787,1187257,0,0,0,3.5399880942310613e-05,0.26133193594762094
puffer-ball,EE,device-relaxed,1206952,1206951,0,19301,0,0,0,0.085025709898919166,0.025820229745698246,0.39351079212653667,0.10624999999999996,0.96180698591418512,323.410283,1187257,0,0,0,0.037114418950165096,0.96181948484199498
puffer-ball,EE,device-tight,1206952,1187650,0,0,19385,0,0,2.4638871914035634e-06,0,3.814697265625e-06,1.9073486328125e-06,0.00081157684326171875,921.733548,1187257,0,0,0,3.5425002876343648e-05,0.26133193594762094
puffer-ball,EE,ti-reference,1206952,1187650,0,0,0,0,0,0,0,0,0,0,3953.326105,1187257,0,0,0,3.5399880942310613e-05,0.26133193594762094
puffer-ball,VF,relaxed,307220,307219,0,7543,0,0,0,0.085838357860223466,0.028101834427830368,0.3859407977938249,0.11131775626068077,0.97478558420562544,75.444752,299533,0,0,0,0.046773716651400801,0.97479446020896321
puffer-ball,VF,tight,307220,299676,0,0,0,0,0,0,0,0,0,0,540.298872,299533,0,0,0,4.5808112397932588e-05,0.050448092099271258
puffer-ball,VF,device-relaxed,307220,307219,0,7543,0,0,0,0.089441813270754608,0.029648143513904844,0.39650075545712199,0.1139319635795415,0.97456174345406876,253.166650,299533,0,0,0,0.046260623400272066,0.97457061945740653
puffer-ball,VF,device-tight,307220,299698,0,22,5287,0,0,1.9790954795777951e-06,0,0,0,0.00064779416311466775,625.481025,299533,0,0,0,4.5699068164276047e-05,0.050448092099271258
puffer-ball,VF,ti-reference,307220,299676,0,0,0,0,0,0,0,0,0,0,1732.661222,299533,0,0,0,4.5808112397932588e-05,0.050448092099271258
puffer-ball,EE,relaxed,1206952,1206951,0,19301,0,0,0,0.081129268244782476,0.024329836925355286,0.38234552994661469,0.10350412808641979,0.96061337878580921,213.388290,1187257,0,0,0,0.035728502863147882,0.96062579186342101
puffer-ball,EE,tight,1206952,1187650,0,0,0,0,0,0,0,0,0,0,1713.397784,1187257,0,0,0,3.5399880942310613e-05,0.26133193594762094
puffer-ball,EE,device-relaxed,1206952,1206951,0,19301,0,0,0,0.085058505832498285,0.025820935995766025,0.39369364245623262,0.10630791236242737,0.96180698591418512,320.296673,1187257,0,0,0,0.036375958014181253,0.96181948484199498
puffer-ball,EE,device-tight,1206952,1187650,0,0,19450,0,0,2.4683212780477968e-06,0,3.814697265625e-06,1.9073486328125e-06,0.0018930286169052124,918.919891,1187257,0,0,0,3.5484035407651326e-05,0.26133193594762094
puffer-ball,EE,ti-reference,1206952,1187650,0,0,0,0,0,0,0,0,0,0,3957.721410,1187257,0,0,0,3.5399880942310613e-05,0.26133193594762094
puffer-ball,VF,relaxed,307220,307219,0,7543,0,0,0,0.085838357860223466,0.028101834427830368,0.3859407977938249,0.11131775626068077,0.97478558420562544,76.181774,299533,0,0,0,0.046773716651400801,0.97479446020896321
puffer-ball,VF,tight,307220,299676,0,0,0,0,0,0,0,0,0,0,546.778155,299533,0,0,0,4.5808112397932588e-05,0.050448092099271258
puffer-ball,VF,device-relaxed,307220,307219,0,7543,0,0,0,0.089499191290458621,0.029631343335605628,0.39694446717648485,0.11416876719260952,0.97456174345406876,248.060607,299533,0,0,0,0.046318478463134291,0.97457061945740653
puffer-ball,VF,device-tight,307220,299698,0,22,5304,0,0,1.9689135833208414e-06,0,0,0,0.0007005536463111639,626.332518,299533,0,0,0,4.5702194042901434e-05,0.050448092099271258
puffer-ball,VF,ti-reference,307220,299676,0,0,0,0,0,0,0,0,0,0,1746.682844,299533,0,0,0,4.5808112397932588e-05,0.050448092099271258
puffer-ball,EE,relaxed,1206952,1206951,0,19301,0,0,0,0.081129268244782476,0.024329836925355286,0.38234552994661469,0.10350412808641979,0.96061337878580921,214.986959,1187257,0,0,0,0.035728502863147882,0.96062579186342101
puffer-ball,EE,tight,1206952,1187650,0,0,0,0,0,0,0,0,0,0,1736.615689,1187257,0,0,0,3.5399880942310613e-05,0.26133193594762094
puffer-ball,EE,device-relaxed,1206952,1206951,0,19301,0,0,0,0.085036745215459397,0.025822443118142111,0.39343114466354756,0.10634092458496036,0.96180698591418512,324.680295,1187257,0,0,0,0.036786291743287125,0.96181948484199498
puffer-ball,EE,device-tight,1206952,1187650,0,0,19208,0,0,2.4481685563210051e-06,0,3.8115856958812005e-06,1.9073486328125e-06,0.0014697611331939697,918.839717,1187257,0,0,0,3.5858044412584444e-05,0.26133193594762094
puffer-ball,EE,ti-reference,1206952,1187650,0,0,0,0,0,0,0,0,0,0,3998.144839,1187257,0,0,0,3.5399880942310613e-05,0.26133193594762094
rod-twist,VF,relaxed,57088,55398,0,14856,57,56,0,0.20352987176529144,0.084900835932049418,0.87112022474454276,0.15946443157204582,0.99984970206220636,5023.666477,40406,0,0,0,0.017127520414961458,0.99588306307675156
rod-twist,VF,tight,57088,40542,0,0,0,56,0,0,0,0,0,0,18671.806408,40406,0,0,0,0.0001540960533027956,0.99259995601580542
rod-twist,VF,device-relaxed,57088,56290,0,15748,0,56,0,0.21989237385345334,0.094965950250500905,0.95591238467370743,0.16963850329507174,0.999908447265625,4748.855205,40406,0,0,0,0.018978212250479055,0.99626201550220261
rod-twist,VF,device-tight,57088,40544,0,2,2319,56,0,5.720389873457814e-05,0,0.00013576539739330436,1.71661376953125e-05,0.0054693222045898438,8027.529254,40406,0,0,0,0.00015517679176994467,0.99259938218649424
rod-twist,VF,ti-reference,57088,40542,0,0,0,0,0,0,0,0,0,0,75582.651820,40406,0,0,0,0.0001540960533027956,0.99259995601580542
rod-twist,EE,relaxed,492120,458641,0,212509,158,147,0,0.28750848880247326,0.16745034182328752,0.97526439563818501,0.19926299122136534,0.99991329142900431,38053.196807,245025,0,0,0,0.03231348507771975,0.99343347148263483
rod-twist,EE,tight,492120,246132,0,0,0,147,0,0,0,0,0,0,202624.261122,245025,0,0,0,0.00036918391527136427,0.98501876199352656
rod-twist,EE,device-relaxed,492120,474114,0,227982,0,147,0,0.31328325038351523,0.19248816054353751,1,0.21022646428004332,0.99997520446777344,9269.492980,245025,0,0,0,0.035327242072402079,0.99333820660286509
rod-twist,EE,device-tight,492120,246132,0,0,17478,147,0,6.5943149273031695e-05,0,0.0002834467120181406,3.24249267578125e-05,0.013986911624670029,16162.993746,245025,0,0,0,0.00036904060688509183,0.98501876199352656
rod-twist,EE,ti-reference,492120,246132,0,0,0,0,0,0,0,0,0,0,432018.627368,245025,0,0,0,0.00036918391527136427,0.98501876199352656
rod-twist,VF,relaxed,57088,55398,0,14856,57,56,0,0.20352987176529144,0.084900835932049418,0.87112022474454276,0.15946443157204582,0.99984970206220636,5007.546643,40406,0,0,0,0.017127520414961458,0.99588306307675156
rod-twist,VF,tight,57088,40542,0,0,0,56,0,0,0,0,0,0,18635.655909,40406,0,0,0,0.0001540960533027956,0.99259995601580542
rod-twist,VF,device-relaxed,57088,56290,0,15748,0,56,0,0.22043596126487192,0.095475319959697713,0.95743552848878721,0.16958142233105319,0.999908447265625,4801.067275,40406,0,0,0,0.019254089135836303,0.99626201550220261
rod-twist,VF,device-tight,57088,40544,0,2,2353,56,0,5.5978045528852388e-05,0,0.00012518778167250875,1.5497207641601562e-05,0.0043515311554074287,8037.579095,40406,0,0,0,0.00015517679176994467,0.99259995601580542
rod-twist,VF,ti-reference,57088,40542,0,0,0,0,0,0,0,0,0,0,75762.122709,40406,0,0,0,0.0001540960533027956,0.99259995601580542
rod-twist,EE,relaxed,492120,458641,0,212509,158,147,0,0.28750848880247326,0.16745034182328752,0.97526439563818501,0.19926299122136534,0.99991329142900431,37988.114675,245025,0,0,0,0.03231348507771975,0.99343347148263483
rod-twist,EE,tight,492120,246132,0,0,0,147,0,0,0,0,0,0,202590.437976,245025,0,0,0,0.00036918391527136427,0.98501876199352656
rod-twist,EE,device-relaxed,492120,474114,0,227982,0,147,0,0.31323305434551457,0.19208423718115022,1,0.2101898193359375,0.99997520446777344,9232.169968,245025,0,0,0,0.035563161032093463,0.99333820660286509
rod-twist,EE,device-tight,492120,246132,0,0,17611,147,0,6.8096816425855354e-05,0,0.00031478217073784942,3.5762786865234375e-05,0.010428309440612793,16252.825025,245025,0,0,0,0.00036919200850864253,0.98501876199352656
rod-twist,EE,ti-reference,492120,246132,0,0,0,0,0,0,0,0,0,0,432263.098415,245025,0,0,0,0.00036918391527136427,0.98501876199352656
rod-twist,VF,relaxed,57088,55398,0,14856,57,56,0,0.20352987176529144,0.084900835932049418,0.87112022474454276,0.15946443157204582,0.99984970206220636,5073.801083,40406,0,0,0,0.017127520414961458,0.99588306307675156
rod-twist,VF,tight,57088,40542,0,0,0,56,0,0,0,0,0,0,18773.108604,40406,0,0,0,0.0001540960533027956,0.99259995601580542
rod-twist,VF,device-relaxed,57088,56290,0,15748,0,56,0,0.22002402377817423,0.095363840944470007,0.95284770667161056,0.169036865234375,0.999908447265625,4805.482804,40406,0,0,0,0.019281053586848146,0.99626201550220261
rod-twist,VF,device-tight,57088,40544,0,2,2389,56,0,5.7112429234680498e-05,0,0.00013879250520471896,1.71661376953125e-05,0.0045659542083740234,8137.180929,40406,0,0,0,0.00015493338278035548,0.99259995601580542
rod-twist,VF,ti-reference,57088,40542,0,0,0,0,0,0,0,0,0,0,75815.238535,40406,0,0,0,0.0001540960533027956,0.99259995601580542
rod-twist,EE,relaxed,492120,458641,0,212509,158,147,0,0.28750848880247326,0.16745034182328752,0.97526439563818501,0.19926299122136534,0.99991329142900431,38005.968160,245025,0,0,0,0.03231348507771975,0.99343347148263483
rod-twist,EE,tight,492120,246132,0,0,0,147,0,0,0,0,0,0,202792.108747,245025,0,0,0,0.00036918391527136427,0.98501876199352656
rod-twist,EE,device-relaxed,492120,474114,0,227982,0,147,0,0.31325794301020315,0.19220304389120793,1,0.21012359297018812,0.99997520446777344,9386.577751,245025,0,0,0,0.035733296304575862,0.99333820660286509
rod-twist,EE,device-tight,492120,246132,0,0,17324,147,0,7.0239214000876091e-05,0,0.00029835769373797474,3.3855438232421875e-05,0.021739482879638672,16295.517234,245025,0,0,0,0.0003683417563971926,0.98501876199352656
rod-twist,EE,ti-reference,492120,246132,0,0,0,0,0,0,0,0,0,0,431831.386223,245025,0,0,0,0.00036918391527136427,0.98501876199352656
